{
  "variants": {
    "axis=x": [
      {"model": "minecraft:block/mangrove_log", "weight":60, "x": 90, "y": 90},
      {"model": "minecraft:block/mangrove_log2", "weight":5, "x": 90, "y": 90},
      {"model": "minecraft:block/mangrove_log3", "weight":5, "x": 90, "y": 90},
      {"model": "minecraft:block/mangrove_log4", "weight":5, "x": 90, "y": 90},
      {"model": "minecraft:block/mangrove_log5", "weight":5, "x": 90, "y": 90}
    ],
    "axis=y": [
      {"model": "minecraft:block/mangrove_log", "weight":60},
      {"model": "minecraft:block/mangrove_log2", "weight":5},
      {"model": "minecraft:block/mangrove_log3", "weight":5},
      {"model": "minecraft:block/mangrove_log4", "weight":5},
      {"model": "minecraft:block/mangrove_log5", "weight":5}
    ],
    "axis=z": [
      {"model": "minecraft:block/mangrove_log", "weight":60, "x": 90},
      {"model": "minecraft:block/mangrove_log2", "weight":5, "x": 90},
      {"model": "minecraft:block/mangrove_log3", "weight":5, "x": 90},
      {"model": "minecraft:block/mangrove_log4", "weight":5, "x": 90},
      {"model": "minecraft:block/mangrove_log5", "weight":5, "x": 90}
    ]
  }
}