{
	"credit": "Made with Blockbench",
	"ambientocclusion": false,
	"textures": {
		"0": "block/mangrove_propagule",
		"1": "block/mangrove_leave",
		"particle": "block/mangrove_propagule"
	},
	"elements": [
		{
			"from": [0.8, 0, 8],
			"to": [15.2, 16, 8],
			"shade": false,
			"rotation": {"angle": 45, "axis": "y", "origin": [8, 8, 8], "rescale": true},
			"faces": {
				"north": {"uv": [0, 0, 16, 16], "texture": "#0"},
				"south": {"uv": [0, 0, 16, 16], "texture": "#0"}
			}
		},
		{
			"from": [8, 0, 0.8],
			"to": [8, 16, 15.2],
			"shade": false,
			"rotation": {"angle": 45, "axis": "y", "origin": [8, 8, 8], "rescale": true},
			"faces": {
				"east": {"uv": [0, 0, 16, 16], "texture": "#0"},
				"west": {"uv": [0, 0, 16, 16], "texture": "#0"}
			}
		},
		{
			"from": [3.84776, 11.31283, 10.37222],
			"to": [10.84776, 11.31283, 17.37222],
			"rotation": {"angle": 22.5, "axis": "x", "origin": [9.34776, 13.31283, 13.87222]},
			"faces": {
				"north": {"uv": [0, 0, 7, 0], "texture": "#missing"},
				"east": {"uv": [0, 0, 7, 0], "texture": "#1"},
				"south": {"uv": [0, 0, 7, 0], "texture": "#missing"},
				"west": {"uv": [0, 0, 7, 0], "texture": "#missing"},
				"up": {"uv": [4, 4, 11, 11], "rotation": 270, "texture": "#1"},
				"down": {"uv": [4, 4, 11, 11], "rotation": 90, "texture": "#1"}
			}
		},
		{
			"from": [4.84776, 10.82683, -1.32119],
			"to": [11.84776, 10.82683, 5.67881],
			"rotation": {"angle": -22.5, "axis": "x", "origin": [8.34776, 13.82683, 2.17881]},
			"faces": {
				"north": {"uv": [0, 0, 7, 0], "texture": "#missing"},
				"east": {"uv": [0, 0, 7, 0], "texture": "#missing"},
				"south": {"uv": [0, 0, 7, 0], "texture": "#missing"},
				"west": {"uv": [0, 0, 7, 0], "texture": "#1"},
				"up": {"uv": [4, 4, 11, 11], "rotation": 90, "texture": "#1"},
				"down": {"uv": [4, 4, 11, 11], "rotation": 270, "texture": "#1"}
			}
		},
		{
			"from": [9.84776, 12.31283, 5.37222],
			"to": [16.84776, 12.31283, 12.37222],
			"rotation": {"angle": -22.5, "axis": "z", "origin": [9.34776, 13.31283, 13.87222]},
			"faces": {
				"north": {"uv": [0, 0, 7, 0], "texture": "#1"},
				"east": {"uv": [0, 0, 7, 0], "texture": "#missing"},
				"south": {"uv": [0, 0, 7, 0], "texture": "#missing"},
				"west": {"uv": [0, 0, 7, 0], "texture": "#missing"},
				"up": {"uv": [4, 4, 11, 11], "rotation": 180, "texture": "#1"},
				"down": {"uv": [4, 4, 11, 11], "rotation": 180, "texture": "#1"}
			}
		},
		{
			"from": [-0.15224, 13.31283, 4.37222],
			"to": [6.84776, 13.31283, 11.37222],
			"rotation": {"angle": 22.5, "axis": "z", "origin": [9.34776, 13.31283, 13.87222]},
			"faces": {
				"north": {"uv": [0, 0, 7, 0], "texture": "#missing"},
				"east": {"uv": [0, 0, 7, 0], "texture": "#missing"},
				"south": {"uv": [0, 0, 7, 0], "texture": "#1"},
				"west": {"uv": [0, 0, 7, 0], "texture": "#missing"},
				"up": {"uv": [4, 4, 11, 11], "texture": "#1"},
				"down": {"uv": [4, 4, 11, 11], "texture": "#1"}
			}
		}
	],
	"display": {
		"thirdperson_righthand": {
			"rotation": [75, 45, 0],
			"translation": [0, 2.5, 0],
			"scale": [0.375, 0.375, 0.375]
		},
		"thirdperson_lefthand": {
			"rotation": [75, 45, 0],
			"translation": [0, 2.5, 0],
			"scale": [0.375, 0.375, 0.375]
		},
		"firstperson_righthand": {
			"rotation": [0, 45, 0],
			"scale": [0.4, 0.4, 0.4]
		},
		"firstperson_lefthand": {
			"rotation": [0, 225, 0],
			"scale": [0.4, 0.4, 0.4]
		},
		"ground": {
			"translation": [0, 3, 0],
			"scale": [0.25, 0.25, 0.25]
		},
		"gui": {
			"rotation": [30, 225, 0],
			"scale": [0.625, 0.625, 0.625]
		},
		"fixed": {
			"scale": [0.5, 0.5, 0.5]
		}
	}
}