{
	"credit": "by mr_ch0c0late",
	"parent": "block/leaves_2",
	"textures": {
		"particle": "block/mangrove_leaves1",
		"all": "block/mangrove_leaves1",
		"bushy": "block/hanging_leaves"
	},
	"elements": [
		{
			"from": [0, 0, 0],
			"to": [16, 16, 16],
			"faces": {
				"north": {"uv": [0, 0, 16, 16], "texture": "#all", "cullface": "north", "tintindex": 0},
				"east": {"uv": [0, 0, 16, 16], "texture": "#all", "cullface": "east", "tintindex": 0},
				"south": {"uv": [0, 0, 16, 16], "texture": "#all", "cullface": "south", "tintindex": 0},
				"west": {"uv": [0, 0, 16, 16], "texture": "#all", "cullface": "west", "tintindex": 0},
				"up": {"uv": [0, 0, 16, 16], "texture": "#all", "cullface": "up", "tintindex": 0},
				"down": {"uv": [0, 0, 16, 16], "texture": "#all", "cullface": "down", "tintindex": 0}
			}
		},
		{
			"from": [-0.61732, -16, 7.92388],
			"to": [18.38268, 0, 7.92388],
			"shade": false,
			"rotation": {"angle": 45, "axis": "y", "origin": [8.38268, -8, 8.92388]},
			"faces": {
				"north": {"uv": [0, 0, 16, 16], "texture": "#bushy", "tintindex": 0},
				"south": {"uv": [0, 0, 16, 16], "texture": "#bushy", "tintindex": 0}
			}
		},
		{
			"from": [8.4588, -16, -0.69344],
			"to": [8.4588, 0, 18.30656],
			"shade": false,
			"rotation": {"angle": 45, "axis": "y", "origin": [7.4588, -8, 9.30656]},
			"faces": {
				"east": {"uv": [0, 0, 16, 16], "texture": "#bushy", "tintindex": 0},
				"west": {"uv": [0, 0, 16, 16], "texture": "#bushy", "tintindex": 0}
			}
		}
	]
}