{
	"credit": "Made with Blockbench",
	"parent": "block/block",
	"textures": {
		"0": "block/mangrove_propagule_hanging",
		"1": "block/mangrove_propagule_hang2",
		"particle": "block/mangrove_propagule_hanging"
	},
	"elements": [
		{
			"from": [0, 0, 8],
			"to": [16, 16, 8],
			"rotation": {"angle": -45, "axis": "y", "origin": [8, 8, 8]},
			"faces": {
				"north": {"uv": [0, 0, 16, 16], "rotation": 180, "texture": "#1"},
				"east": {"uv": [0, 0, 0, 16], "rotation": 180, "texture": "#1"},
				"south": {"uv": [0, 0, 16, 16], "rotation": 180, "texture": "#1"},
				"west": {"uv": [0, 0, 0, 16], "rotation": 180, "texture": "#missing"},
				"up": {"uv": [0, 0, 16, 0], "rotation": 180, "texture": "#missing"},
				"down": {"uv": [0, 0, 16, 0], "rotation": 180, "texture": "#missing"}
			}
		},
		{
			"from": [0, 0, 8],
			"to": [16, 16, 8],
			"rotation": {"angle": 45, "axis": "y", "origin": [8, 8, 8]},
			"faces": {
				"north": {"uv": [0, 0, 16, 16], "rotation": 180, "texture": "#1"},
				"east": {"uv": [0, 0, 0, 16], "rotation": 180, "texture": "#1"},
				"south": {"uv": [0, 0, 16, 16], "rotation": 180, "texture": "#1"},
				"west": {"uv": [0, 0, 0, 16], "rotation": 180, "texture": "#missing"},
				"up": {"uv": [0, 0, 16, 0], "rotation": 180, "texture": "#missing"},
				"down": {"uv": [0, 0, 16, 0], "rotation": 180, "texture": "#missing"}
			}
		},
		{
			"from": [6, 15, 7],
			"to": [9, 17, 9],
			"rotation": {"angle": 0, "axis": "y", "origin": [8, 0, 0]},
			"faces": {
				"north": {"uv": [0, 5, 3, 7], "texture": "#0"},
				"east": {"uv": [0, 5, 2, 7], "texture": "#0"},
				"south": {"uv": [0, 5, 3, 7], "texture": "#0"},
				"west": {"uv": [0, 5, 2, 7], "texture": "#0"},
				"up": {"uv": [0, 5, 3, 7], "texture": "#0"},
				"down": {"uv": [0, 5, 3, 7], "texture": "#0"}
			}
		},
		{
			"from": [6, 16, 5],
			"to": [9, 16, 7],
			"rotation": {"angle": -22.5, "axis": "x", "origin": [7.5, 16, 6]},
			"faces": {
				"north": {"uv": [0, 0, 4, 0], "texture": "#0"},
				"east": {"uv": [0, 0, 2, 0], "texture": "#missing"},
				"south": {"uv": [0, 0, 4, 0], "texture": "#missing"},
				"west": {"uv": [0, 0, 2, 0], "texture": "#missing"},
				"up": {"uv": [7, 3, 10, 5], "texture": "#0"},
				"down": {"uv": [7, 3, 10, 5], "texture": "#0"}
			}
		},
		{
			"from": [6, 16, 9],
			"to": [9, 16, 11],
			"rotation": {"angle": 22.5, "axis": "x", "origin": [7.5, 16, 10]},
			"faces": {
				"north": {"uv": [0, 0, 4, 0], "texture": "#0"},
				"east": {"uv": [0, 0, 2, 0], "texture": "#missing"},
				"south": {"uv": [0, 0, 4, 0], "texture": "#missing"},
				"west": {"uv": [0, 0, 2, 0], "texture": "#missing"},
				"up": {"uv": [7, 3, 10, 5], "texture": "#0"},
				"down": {"uv": [7, 3, 10, 5], "texture": "#0"}
			}
		}
	],
	"display": {}
}