{
	"credit": "Made with Blockbench",
	"parent": "minecraft:block/cube_column",
	"textures": {
		"2": "block/mangrove_log",
		"3": "block/mangrove_log_top",
		"particle": "block/mangrove_log"
	},
	"elements": [
		{
			"from": [0, 0, 0],
			"to": [16, 16, 16],
			"faces": {
				"north": {"uv": [0, 0, 16, 16], "texture": "#2"},
				"east": {"uv": [0, 0, 16, 16], "texture": "#2"},
				"south": {"uv": [0, 0, 16, 16], "texture": "#2"},
				"west": {"uv": [0, 0, 16, 16], "texture": "#2"},
				"up": {"uv": [0, 0, 16, 16], "texture": "#3"},
				"down": {"uv": [0, 0, 16, 16], "texture": "#3"}
			}
		},
		{
			"from": [-7.68508, 4.44415, 6],
			"to": [-1.68508, 8.44415, 10],
			"rotation": {"angle": -22.5, "axis": "z", "origin": [-0.68508, 0.44415, 8]},
			"faces": {
				"north": {"uv": [0, 0, 6, 4], "texture": "#2"},
				"east": {"uv": [6, 6, 10, 10], "texture": "#3"},
				"south": {"uv": [0, 0, 6, 4], "texture": "#2"},
				"west": {"uv": [6, 6, 10, 10], "texture": "#3"},
				"up": {"uv": [0, 0, 4, 6], "rotation": 90, "texture": "#2"},
				"down": {"uv": [0, 0, 4, 6], "rotation": 270, "texture": "#2"}
			}
		}
	]
}