{
	"credit": "Made with Blockbench",
	"parent": "minecraft:block/cube_column",
	"textures": {
		"2": "block/mangrove_log",
		"3": "block/mangrove_log_top",
		"particle": "block/mangrove_log"
	},
	"elements": [
		{
			"from": [0, 0, 0],
			"to": [16, 16, 16],
			"faces": {
				"north": {"uv": [0, 0, 16, 16], "texture": "#2"},
				"east": {"uv": [0, 0, 16, 16], "texture": "#2"},
				"south": {"uv": [0, 0, 16, 16], "texture": "#2"},
				"west": {"uv": [0, 0, 16, 16], "texture": "#2"},
				"up": {"uv": [0, 0, 16, 16], "texture": "#3"},
				"down": {"uv": [0, 0, 16, 16], "texture": "#3"}
			}
		},
		{
			"from": [6, -5, 13],
			"to": [10, -1, 19],
			"rotation": {"angle": -22.5, "axis": "x", "origin": [8, 3, -1]},
			"faces": {
				"north": {"uv": [6, 6, 10, 10], "texture": "#3"},
				"east": {"uv": [0, 0, 6, 4], "texture": "#2"},
				"south": {"uv": [6, 6, 10, 10], "texture": "#3"},
				"west": {"uv": [0, 0, 6, 4], "texture": "#2"},
				"up": {"uv": [0, 0, 4, 6], "texture": "#2"},
				"down": {"uv": [0, 0, 4, 6], "texture": "#2"}
			}
		}
	]
}