{
	"credit": "Made with Blockbench",
	"parent": "block/block",
	"textures": {
		"0": "block/mangrove_roots_side1",
		"1": "block/mangrove_roots_top1",
		"2": "block/hanging_mangrove_roots",
		"particle": "block/mangrove_roots_side1"
	},
	"elements": [
		{
			"from": [0, 0, 8],
			"to": [16, 16, 8],
			"faces": {
				"north": {"uv": [0, 0, 16, 16], "texture": "#0"},
				"south": {"uv": [0, 0, 16, 16], "texture": "#0"}
			}
		},
		{
			"from": [8, 0, 0],
			"to": [8, 16, 16],
			"faces": {
				"east": {"uv": [0, 0, 16, 16], "texture": "#0"},
				"west": {"uv": [0, 0, 16, 16], "texture": "#0"}
			}
		},
		{
			"from": [0, 15.998, 0],
			"to": [16, 16, 16],
			"faces": {
				"up": {"uv": [0, 0, 16, 16], "texture": "#1", "cullface": "up"},
				"down": {"uv": [0, 16, 16, 0], "texture": "#1", "cullface": "up"}
			}
		},
		{
			"from": [0, 0, 0],
			"to": [16, 0.002, 16],
			"faces": {
				"up": {"uv": [0, 16, 16, 0], "texture": "#1", "cullface": "down"},
				"down": {"uv": [0, 0, 16, 16], "texture": "#1", "cullface": "down"}
			}
		},
		{
			"from": [0, 0, 0],
			"to": [16, 16, 0.002],
			"faces": {
				"north": {"uv": [0, 0, 16, 16], "texture": "#0", "cullface": "north"},
				"south": {"uv": [16, 0, 0, 16], "texture": "#0", "cullface": "north"}
			}
		},
		{
			"from": [0, 0, 15.998],
			"to": [16, 16, 16],
			"faces": {
				"north": {"uv": [16, 0, 0, 16], "texture": "#0", "cullface": "south"},
				"south": {"uv": [0, 0, 16, 16], "texture": "#0", "cullface": "south"}
			}
		},
		{
			"from": [0, -16, 12.998],
			"to": [16, 0, 13],
			"faces": {
				"north": {"uv": [16, 0, 0, 16], "texture": "#2", "cullface": "south"},
				"south": {"uv": [0, 0, 16, 16], "texture": "#2", "cullface": "south"}
			}
		},
		{
			"from": [0, -16, 2.998],
			"to": [16, 0, 3],
			"faces": {
				"north": {"uv": [16, 0, 0, 16], "texture": "#2", "cullface": "south"},
				"south": {"uv": [0, 0, 16, 16], "texture": "#2", "cullface": "south"}
			}
		},
		{
			"from": [12.999, -16, -0.001],
			"to": [13.001, 0, 15.999],
			"rotation": {"angle": 0, "axis": "y", "origin": [8, -8, 12.999]},
			"faces": {
				"east": {"uv": [0, 0, 16, 16], "texture": "#2", "cullface": "south"},
				"west": {"uv": [16, 0, 0, 16], "texture": "#2", "cullface": "south"}
			}
		},
		{
			"from": [2.999, -16, -0.001],
			"to": [3.001, 0, 15.999],
			"rotation": {"angle": 0, "axis": "y", "origin": [8, -8, 12.999]},
			"faces": {
				"east": {"uv": [0, 0, 16, 16], "texture": "#2", "cullface": "south"},
				"west": {"uv": [16, 0, 0, 16], "texture": "#2", "cullface": "south"}
			}
		},
		{
			"from": [0, 0, 0],
			"to": [0.002, 16, 16],
			"faces": {
				"east": {"uv": [16, 0, 0, 16], "texture": "#0", "cullface": "west"},
				"west": {"uv": [0, 0, 16, 16], "texture": "#0", "cullface": "west"}
			}
		},
		{
			"from": [15.998, 0, 0],
			"to": [16, 16, 16],
			"faces": {
				"east": {"uv": [0, 0, 16, 16], "texture": "#0", "cullface": "east"},
				"west": {"uv": [16, 0, 0, 16], "texture": "#0", "cullface": "east"}
			}
		}
	]
}