{
	"credit": "Made with Blockbench",
	"parent": "block/block",
	"textures": {
		"0": "block/mangrove_propagule_hanging",
		"1": "block/mangrove_propagule_hang",
		"2": "block/mangrove_leave",
		"particle": "block/mangrove_propagule_hanging"
	},
	"elements": [
		{
			"from": [0, 0, 8],
			"to": [16, 16, 8],
			"rotation": {"angle": -45, "axis": "y", "origin": [8, 8, 8]},
			"faces": {
				"north": {"uv": [0, 0, 16, 16], "rotation": 180, "texture": "#1"},
				"east": {"uv": [0, 0, 0, 16], "rotation": 180, "texture": "#1"},
				"south": {"uv": [0, 0, 16, 16], "rotation": 180, "texture": "#1"},
				"west": {"uv": [0, 0, 0, 16], "rotation": 180, "texture": "#missing"},
				"up": {"uv": [0, 0, 16, 0], "rotation": 180, "texture": "#missing"},
				"down": {"uv": [0, 0, 16, 0], "rotation": 180, "texture": "#missing"}
			}
		},
		{
			"from": [0, 0, 8],
			"to": [16, 16, 8],
			"rotation": {"angle": 45, "axis": "y", "origin": [8, 8, 8]},
			"faces": {
				"north": {"uv": [0, 0, 16, 16], "rotation": 180, "texture": "#1"},
				"east": {"uv": [0, 0, 0, 16], "rotation": 180, "texture": "#1"},
				"south": {"uv": [0, 0, 16, 16], "rotation": 180, "texture": "#1"},
				"west": {"uv": [0, 0, 0, 16], "rotation": 180, "texture": "#missing"},
				"up": {"uv": [0, 0, 16, 0], "rotation": 180, "texture": "#missing"},
				"down": {"uv": [0, 0, 16, 0], "rotation": 180, "texture": "#missing"}
			}
		},
		{
			"from": [4, 2.35436, 2.09814],
			"to": [13, 2.35436, 9.09814],
			"rotation": {"angle": -45, "axis": "x", "origin": [8.5, 2.35436, 4.59814]},
			"faces": {
				"north": {"uv": [0, 0, 9, 0], "texture": "#missing"},
				"east": {"uv": [0, 0, 7, 0], "texture": "#missing"},
				"south": {"uv": [0, 0, 9, 0], "texture": "#missing"},
				"west": {"uv": [0, 0, 7, 0], "texture": "#missing"},
				"up": {"uv": [4, 3, 11, 12], "rotation": 90, "texture": "#2"},
				"down": {"uv": [4, 3, 11, 12], "rotation": 270, "texture": "#2"}
			}
		},
		{
			"from": [6, 15, 7],
			"to": [9, 17, 9],
			"rotation": {"angle": 0, "axis": "y", "origin": [8, 0, 0]},
			"faces": {
				"north": {"uv": [0, 5, 3, 7], "texture": "#0"},
				"east": {"uv": [0, 5, 2, 7], "texture": "#0"},
				"south": {"uv": [0, 5, 3, 7], "texture": "#0"},
				"west": {"uv": [0, 5, 2, 7], "texture": "#0"},
				"up": {"uv": [0, 5, 3, 7], "texture": "#0"},
				"down": {"uv": [0, 5, 3, 7], "texture": "#0"}
			}
		},
		{
			"from": [6, 16, 5],
			"to": [9, 16, 7],
			"rotation": {"angle": -22.5, "axis": "x", "origin": [7.5, 16, 6]},
			"faces": {
				"north": {"uv": [0, 0, 4, 0], "texture": "#0"},
				"east": {"uv": [0, 0, 2, 0], "texture": "#missing"},
				"south": {"uv": [0, 0, 4, 0], "texture": "#missing"},
				"west": {"uv": [0, 0, 2, 0], "texture": "#missing"},
				"up": {"uv": [7, 3, 10, 5], "texture": "#0"},
				"down": {"uv": [7, 3, 10, 5], "texture": "#0"}
			}
		},
		{
			"from": [6, 16, 9],
			"to": [9, 16, 11],
			"rotation": {"angle": 22.5, "axis": "x", "origin": [7.5, 16, 10]},
			"faces": {
				"north": {"uv": [0, 0, 4, 0], "texture": "#0"},
				"east": {"uv": [0, 0, 2, 0], "texture": "#missing"},
				"south": {"uv": [0, 0, 4, 0], "texture": "#missing"},
				"west": {"uv": [0, 0, 2, 0], "texture": "#missing"},
				"up": {"uv": [7, 3, 10, 5], "texture": "#0"},
				"down": {"uv": [7, 3, 10, 5], "texture": "#0"}
			}
		},
		{
			"from": [7, 2.35436, 4.09814],
			"to": [14, 2.35436, 13.09814],
			"rotation": {"angle": -45, "axis": "z", "origin": [10.5, 2.35436, 8.59814]},
			"faces": {
				"north": {"uv": [0, 0, 7, 0], "texture": "#missing"},
				"east": {"uv": [0, 0, 9, 0], "texture": "#missing"},
				"south": {"uv": [0, 0, 7, 0], "texture": "#missing"},
				"west": {"uv": [0, 0, 9, 0], "texture": "#missing"},
				"up": {"uv": [4, 3, 11, 12], "rotation": 180, "texture": "#2"},
				"down": {"uv": [4, 3, 11, 12], "rotation": 180, "texture": "#2"}
			}
		},
		{
			"from": [1, 0.35436, 3.09814],
			"to": [8, 0.35436, 12.09814],
			"rotation": {"angle": 45, "axis": "z", "origin": [2.5, 2.35436, 8.59814]},
			"faces": {
				"north": {"uv": [0, 0, 7, 0], "texture": "#missing"},
				"east": {"uv": [0, 0, 9, 0], "texture": "#missing"},
				"south": {"uv": [0, 0, 7, 0], "texture": "#missing"},
				"west": {"uv": [0, 0, 9, 0], "texture": "#missing"},
				"up": {"uv": [4, 3, 11, 12], "texture": "#2"},
				"down": {"uv": [4, 3, 11, 12], "texture": "#2"}
			}
		},
		{
			"from": [3, 1.35436, 8.09814],
			"to": [12, 1.35436, 15.09814],
			"rotation": {"angle": 45, "axis": "x", "origin": [7.5, 2.35436, 12.59814]},
			"faces": {
				"north": {"uv": [0, 0, 9, 0], "texture": "#missing"},
				"east": {"uv": [0, 0, 7, 0], "texture": "#missing"},
				"south": {"uv": [0, 0, 9, 0], "texture": "#missing"},
				"west": {"uv": [0, 0, 7, 0], "texture": "#missing"},
				"up": {"uv": [4, 3, 11, 12], "rotation": 270, "texture": "#2"},
				"down": {"uv": [4, 3, 11, 12], "rotation": 90, "texture": "#2"}
			}
		}
	],
	"display": {}
}