{
	"credit": "Made with Blockbench",
	"parent": "minecraft:block/carpet",
	"textures": {
		"0": "block/moss_block",
		"1": "block/azalea_side",
		"particle": "block/moss_block"
	},
	"elements": [
		{
			"from": [0, 0, 0],
			"to": [16, 1, 16],
			"faces": {
				"north": {"uv": [0, 0, 16, 1], "texture": "#0"},
				"east": {"uv": [0, 0, 16, 1], "texture": "#0"},
				"south": {"uv": [0, 0, 16, 1], "texture": "#0"},
				"west": {"uv": [0, 0, 16, 1], "texture": "#0"},
				"up": {"uv": [0, 0, 16, 16], "texture": "#0"},
				"down": {"uv": [0, 0, 16, 16], "texture": "#0"}
			}
		},
		{
			"from": [-0.1, -5, 0],
			"to": [-0.1, 1, 16],
			"faces": {
				"north": {"uv": [0, 0, 0, 6], "texture": "#missing"},
				"east": {"uv": [0, 5, 16, 11], "texture": "#1"},
				"south": {"uv": [0, 0, 0, 6], "texture": "#missing"},
				"west": {"uv": [0, 5, 16, 11], "texture": "#1"},
				"up": {"uv": [0, 0, 0, 16], "texture": "#missing"},
				"down": {"uv": [0, 0, 0, 16], "texture": "#missing"}
			}
		},
		{
			"from": [16.1, -5, 0],
			"to": [16.1, 1, 16],
			"rotation": {"angle": 0, "axis": "y", "origin": [21, -2, 8]},
			"faces": {
				"north": {"uv": [0, 0, 0, 6], "texture": "#missing"},
				"east": {"uv": [0, 5, 16, 11], "texture": "#1"},
				"south": {"uv": [0, 0, 0, 6], "texture": "#missing"},
				"west": {"uv": [0, 5, 16, 11], "texture": "#1"},
				"up": {"uv": [0, 0, 0, 16], "texture": "#missing"},
				"down": {"uv": [0, 0, 0, 16], "texture": "#missing"}
			}
		},
		{
			"from": [0, -5, 16.1],
			"to": [16, 1, 16.1],
			"rotation": {"angle": 0, "axis": "y", "origin": [21, -2, 8]},
			"faces": {
				"north": {"uv": [0, 5, 16, 11], "texture": "#1"},
				"east": {"uv": [0, 0, 0, 6], "texture": "#missing"},
				"south": {"uv": [0, 5, 16, 11], "texture": "#1"},
				"west": {"uv": [0, 0, 0, 6], "texture": "#missing"},
				"up": {"uv": [0, 0, 0, 16], "rotation": 90, "texture": "#missing"},
				"down": {"uv": [0, 0, 0, 16], "rotation": 270, "texture": "#missing"}
			}
		},
		{
			"from": [0, -5, -0.1],
			"to": [16, 1, -0.1],
			"rotation": {"angle": 0, "axis": "y", "origin": [21, -2, 8]},
			"faces": {
				"north": {"uv": [0, 5, 16, 11], "texture": "#1"},
				"east": {"uv": [0, 0, 0, 6], "texture": "#missing"},
				"south": {"uv": [0, 5, 16, 11], "texture": "#1"},
				"west": {"uv": [0, 0, 0, 6], "texture": "#missing"},
				"up": {"uv": [0, 0, 0, 16], "rotation": 90, "texture": "#missing"},
				"down": {"uv": [0, 0, 0, 16], "rotation": 270, "texture": "#missing"}
			}
		}
	]
}