{
	"credit": "Made with Blockbench",
	"parent": "minecraft:block/cube_column",
	"textures": {
		"0": "block/muddy_mangrove_roots_side",
		"1": "block/muddy_mangrove_roots_top",
		"2": "block/mushrooms",
		"particle": "block/muddy_mangrove_roots_side"
	},
	"elements": [
		{
			"from": [0, 0, 0],
			"to": [16, 16, 16],
			"faces": {
				"north": {"uv": [0, 0, 16, 16], "texture": "#0"},
				"east": {"uv": [0, 0, 16, 16], "texture": "#0"},
				"south": {"uv": [0, 0, 16, 16], "texture": "#0"},
				"west": {"uv": [0, 0, 16, 16], "texture": "#0"},
				"up": {"uv": [0, 0, 16, 16], "texture": "#1"},
				"down": {"uv": [0, 0, 16, 16], "texture": "#1"}
			}
		},
		{
			"from": [-1, 16, 12.5],
			"to": [1, 21, 12.5],
			"rotation": {"angle": -45, "axis": "y", "origin": [8, 21.25, 20]},
			"faces": {
				"north": {"uv": [7, 11, 9, 16], "texture": "#2"},
				"east": {"uv": [0, 0, 0, 10], "texture": "#missing"},
				"south": {"uv": [7, 11, 9, 16], "texture": "#2"},
				"west": {"uv": [0, 0, 0, 10], "texture": "#missing"},
				"up": {"uv": [0, 0, 2, 0], "texture": "#missing"},
				"down": {"uv": [0, 0, 2, 0], "texture": "#missing"}
			}
		},
		{
			"from": [3, 16, 11],
			"to": [4, 17, 11],
			"rotation": {"angle": -45, "axis": "y", "origin": [8, 21.25, 20]},
			"faces": {
				"north": {"uv": [5, 15, 6, 16], "texture": "#2"},
				"east": {"uv": [0, 0, 0, 2], "texture": "#missing"},
				"south": {"uv": [5, 15, 6, 16], "texture": "#2"},
				"west": {"uv": [0, 0, 0, 2], "texture": "#missing"},
				"up": {"uv": [0, 0, 1, 0], "texture": "#missing"},
				"down": {"uv": [0, 0, 1, 0], "texture": "#missing"}
			}
		},
		{
			"from": [2, 17, 11],
			"to": [5, 18, 11],
			"rotation": {"angle": -45, "axis": "y", "origin": [8, 21.25, 20]},
			"faces": {
				"north": {"uv": [4, 14, 7, 15], "texture": "#2"},
				"east": {"uv": [0, 0, 0, 1], "texture": "#missing"},
				"south": {"uv": [4, 14, 7, 15], "texture": "#2"},
				"west": {"uv": [0, 0, 0, 1], "texture": "#missing"},
				"up": {"uv": [0, 0, 3, 0], "texture": "#missing"},
				"down": {"uv": [0, 0, 3, 0], "texture": "#missing"}
			}
		},
		{
			"from": [6, 16, 11],
			"to": [7, 18, 11],
			"rotation": {"angle": -45, "axis": "y", "origin": [8, 21.25, 20]},
			"faces": {
				"north": {"uv": [2, 14, 3, 16], "texture": "#2"},
				"east": {"uv": [0, 0, 0, 4], "texture": "#missing"},
				"south": {"uv": [2, 14, 3, 16], "texture": "#2"},
				"west": {"uv": [0, 0, 0, 4], "texture": "#missing"},
				"up": {"uv": [0, 0, 1, 0], "texture": "#missing"},
				"down": {"uv": [0, 0, 1, 0], "texture": "#missing"}
			}
		},
		{
			"from": [4, 18, 11],
			"to": [8, 19, 11],
			"rotation": {"angle": -45, "axis": "y", "origin": [8, 21.25, 20]},
			"faces": {
				"north": {"uv": [1, 13, 5, 14], "texture": "#2"},
				"east": {"uv": [0, 0, 0, 1], "texture": "#missing"},
				"south": {"uv": [1, 13, 5, 14], "texture": "#2"},
				"west": {"uv": [0, 0, 0, 1], "texture": "#missing"},
				"up": {"uv": [0, 0, 4, 0], "texture": "#missing"},
				"down": {"uv": [0, 0, 4, 0], "texture": "#missing"}
			}
		},
		{
			"from": [5, 19, 11],
			"to": [7, 20, 11],
			"rotation": {"angle": -45, "axis": "y", "origin": [8, 21.25, 20]},
			"faces": {
				"north": {"uv": [2, 12, 4, 13], "texture": "#2"},
				"east": {"uv": [0, 0, 0, 1], "texture": "#missing"},
				"south": {"uv": [3, 12, 5, 13], "texture": "#2"},
				"west": {"uv": [0, 0, 0, 1], "texture": "#missing"},
				"up": {"uv": [0, 0, 2, 0], "texture": "#missing"},
				"down": {"uv": [0, 0, 2, 0], "texture": "#missing"}
			}
		},
		{
			"from": [-4, 21, 12.5],
			"to": [4, 24, 12.5],
			"rotation": {"angle": -45, "axis": "y", "origin": [8, 21.25, 20]},
			"faces": {
				"north": {"uv": [4, 8, 12, 11], "texture": "#2"},
				"east": {"uv": [0, 0, 0, 3], "texture": "#missing"},
				"south": {"uv": [4, 8, 12, 11], "texture": "#2"},
				"west": {"uv": [0, 0, 0, 3], "texture": "#missing"},
				"up": {"uv": [0, 0, 8, 0], "texture": "#missing"},
				"down": {"uv": [0, 0, 8, 0], "texture": "#missing"}
			}
		},
		{
			"from": [-3, 24, 12.5],
			"to": [3, 25, 12.5],
			"rotation": {"angle": -45, "axis": "y", "origin": [8, 21.25, 20]},
			"faces": {
				"north": {"uv": [5, 7, 11, 8], "texture": "#2"},
				"east": {"uv": [0, 0, 0, 1], "texture": "#missing"},
				"south": {"uv": [5, 7, 11, 8], "texture": "#2"},
				"west": {"uv": [0, 0, 0, 1], "texture": "#missing"},
				"up": {"uv": [0, 0, 6, 0], "texture": "#missing"},
				"down": {"uv": [0, 0, 6, 0], "texture": "#missing"}
			}
		},
		{
			"from": [-2, 25, 12.5],
			"to": [2, 26, 12.5],
			"rotation": {"angle": -45, "axis": "y", "origin": [8, 21.25, 20]},
			"faces": {
				"north": {"uv": [6, 6, 10, 7], "texture": "#2"},
				"east": {"uv": [0, 0, 0, 1], "texture": "#missing"},
				"south": {"uv": [6, 6, 10, 7], "texture": "#2"},
				"west": {"uv": [0, 0, 0, 1], "texture": "#missing"},
				"up": {"uv": [0, 0, 4, 0], "texture": "#missing"},
				"down": {"uv": [0, 0, 4, 0], "texture": "#missing"}
			}
		},
		{
			"from": [-9, 19, 13],
			"to": [-4, 20, 13],
			"rotation": {"angle": -45, "axis": "y", "origin": [8, 21.25, 20]},
			"faces": {
				"north": {"uv": [9, 12, 14, 13], "texture": "#2"},
				"east": {"uv": [0, 0, 0, 1], "texture": "#missing"},
				"south": {"uv": [9, 12, 14, 13], "texture": "#2"},
				"west": {"uv": [0, 0, 0, 1], "texture": "#missing"},
				"up": {"uv": [0, 0, 5, 0], "texture": "#missing"},
				"down": {"uv": [0, 0, 5, 0], "texture": "#missing"}
			}
		},
		{
			"from": [-8, 20, 13],
			"to": [-5, 21, 13],
			"rotation": {"angle": -45, "axis": "y", "origin": [8, 21.25, 20]},
			"faces": {
				"north": {"uv": [10, 11, 13, 12], "texture": "#2"},
				"east": {"uv": [0, 0, 0, 1], "texture": "#missing"},
				"south": {"uv": [10, 11, 13, 12], "texture": "#2"},
				"west": {"uv": [0, 0, 0, 1], "texture": "#missing"},
				"up": {"uv": [0, 0, 3, 0], "texture": "#missing"},
				"down": {"uv": [0, 0, 3, 0], "texture": "#missing"}
			}
		},
		{
			"from": [-7, 16, 13],
			"to": [-6, 19, 13],
			"rotation": {"angle": -45, "axis": "y", "origin": [8, 21.25, 20]},
			"faces": {
				"north": {"uv": [11, 13, 12, 16], "texture": "#2"},
				"east": {"uv": [0, 0, 0, 5], "texture": "#missing"},
				"south": {"uv": [11, 13, 12, 16], "texture": "#2"},
				"west": {"uv": [0, 0, 0, 5], "texture": "#missing"},
				"up": {"uv": [0, 0, 1, 0], "texture": "#missing"},
				"down": {"uv": [0, 0, 1, 0], "texture": "#missing"}
			}
		},
		{
			"from": [-10, 17, 13],
			"to": [-7, 18, 13],
			"rotation": {"angle": -45, "axis": "y", "origin": [8, 21.25, 20]},
			"faces": {
				"north": {"uv": [12, 14, 15, 15], "texture": "#2"},
				"east": {"uv": [0, 0, 0, 1], "texture": "#missing"},
				"south": {"uv": [12, 14, 15, 15], "texture": "#2"},
				"west": {"uv": [0, 0, 0, 1], "texture": "#missing"},
				"up": {"uv": [0, 0, 3, 0], "texture": "#missing"},
				"down": {"uv": [0, 0, 3, 0], "texture": "#missing"}
			}
		},
		{
			"from": [-9, 16, 13],
			"to": [-8, 17, 13],
			"rotation": {"angle": -45, "axis": "y", "origin": [8, 21.25, 20]},
			"faces": {
				"north": {"uv": [13, 15, 14, 16], "texture": "#2"},
				"east": {"uv": [0, 0, 0, 2], "texture": "#missing"},
				"south": {"uv": [13, 15, 14, 16], "texture": "#2"},
				"west": {"uv": [0, 0, 0, 2], "texture": "#missing"},
				"up": {"uv": [0, 0, 1, 0], "texture": "#missing"},
				"down": {"uv": [0, 0, 1, 0], "texture": "#missing"}
			}
		},
		{
			"from": [7, 16, 8.5],
			"to": [9, 21, 8.5],
			"rotation": {"angle": 45, "axis": "y", "origin": [8, 21.25, 9]},
			"faces": {
				"north": {"uv": [7, 11, 9, 16], "texture": "#2"},
				"east": {"uv": [0, 0, 0, 10], "texture": "#missing"},
				"south": {"uv": [7, 11, 9, 16], "texture": "#2"},
				"west": {"uv": [0, 0, 0, 10], "texture": "#missing"},
				"up": {"uv": [0, 0, 2, 0], "texture": "#missing"},
				"down": {"uv": [0, 0, 2, 0], "texture": "#missing"}
			}
		},
		{
			"from": [12, 16, 7],
			"to": [13, 17, 7],
			"rotation": {"angle": 45, "axis": "y", "origin": [8, 21.25, 9]},
			"faces": {
				"north": {"uv": [5, 15, 6, 16], "texture": "#2"},
				"east": {"uv": [0, 0, 0, 2], "texture": "#missing"},
				"south": {"uv": [5, 15, 6, 16], "texture": "#2"},
				"west": {"uv": [0, 0, 0, 2], "texture": "#missing"},
				"up": {"uv": [0, 0, 1, 0], "texture": "#missing"},
				"down": {"uv": [0, 0, 1, 0], "texture": "#missing"}
			}
		},
		{
			"from": [11, 17, 7],
			"to": [14, 18, 7],
			"rotation": {"angle": 45, "axis": "y", "origin": [8, 21.25, 9]},
			"faces": {
				"north": {"uv": [4, 14, 7, 15], "texture": "#2"},
				"east": {"uv": [0, 0, 0, 1], "texture": "#missing"},
				"south": {"uv": [4, 14, 7, 15], "texture": "#2"},
				"west": {"uv": [0, 0, 0, 1], "texture": "#missing"},
				"up": {"uv": [0, 0, 3, 0], "texture": "#missing"},
				"down": {"uv": [0, 0, 3, 0], "texture": "#missing"}
			}
		},
		{
			"from": [15, 16, 7],
			"to": [16, 18, 7],
			"rotation": {"angle": 45, "axis": "y", "origin": [8, 21.25, 9]},
			"faces": {
				"north": {"uv": [2, 14, 3, 16], "texture": "#2"},
				"east": {"uv": [0, 0, 0, 4], "texture": "#missing"},
				"south": {"uv": [2, 14, 3, 16], "texture": "#2"},
				"west": {"uv": [0, 0, 0, 4], "texture": "#missing"},
				"up": {"uv": [0, 0, 1, 0], "texture": "#missing"},
				"down": {"uv": [0, 0, 1, 0], "texture": "#missing"}
			}
		},
		{
			"from": [13, 18, 7],
			"to": [17, 19, 7],
			"rotation": {"angle": 45, "axis": "y", "origin": [8, 21.25, 9]},
			"faces": {
				"north": {"uv": [1, 13, 5, 14], "texture": "#2"},
				"east": {"uv": [0, 0, 0, 1], "texture": "#missing"},
				"south": {"uv": [1, 13, 5, 14], "texture": "#2"},
				"west": {"uv": [0, 0, 0, 1], "texture": "#missing"},
				"up": {"uv": [0, 0, 4, 0], "texture": "#missing"},
				"down": {"uv": [0, 0, 4, 0], "texture": "#missing"}
			}
		},
		{
			"from": [14, 19, 7],
			"to": [16, 20, 7],
			"rotation": {"angle": 45, "axis": "y", "origin": [8, 21.25, 9]},
			"faces": {
				"north": {"uv": [2, 12, 4, 13], "texture": "#2"},
				"east": {"uv": [0, 0, 0, 1], "texture": "#missing"},
				"south": {"uv": [3, 12, 5, 13], "texture": "#2"},
				"west": {"uv": [0, 0, 0, 1], "texture": "#missing"},
				"up": {"uv": [0, 0, 2, 0], "texture": "#missing"},
				"down": {"uv": [0, 0, 2, 0], "texture": "#missing"}
			}
		},
		{
			"from": [4, 21, 8.5],
			"to": [12, 24, 8.5],
			"rotation": {"angle": 45, "axis": "y", "origin": [8, 21.25, 9]},
			"faces": {
				"north": {"uv": [4, 8, 12, 11], "texture": "#2"},
				"east": {"uv": [0, 0, 0, 3], "texture": "#missing"},
				"south": {"uv": [4, 8, 12, 11], "texture": "#2"},
				"west": {"uv": [0, 0, 0, 3], "texture": "#missing"},
				"up": {"uv": [0, 0, 8, 0], "texture": "#missing"},
				"down": {"uv": [0, 0, 8, 0], "texture": "#missing"}
			}
		},
		{
			"from": [5, 24, 8.5],
			"to": [11, 25, 8.5],
			"rotation": {"angle": 45, "axis": "y", "origin": [8, 21.25, 9]},
			"faces": {
				"north": {"uv": [5, 7, 11, 8], "texture": "#2"},
				"east": {"uv": [0, 0, 0, 1], "texture": "#missing"},
				"south": {"uv": [5, 7, 11, 8], "texture": "#2"},
				"west": {"uv": [0, 0, 0, 1], "texture": "#missing"},
				"up": {"uv": [0, 0, 6, 0], "texture": "#missing"},
				"down": {"uv": [0, 0, 6, 0], "texture": "#missing"}
			}
		},
		{
			"from": [6, 25, 8.5],
			"to": [10, 26, 8.5],
			"rotation": {"angle": 45, "axis": "y", "origin": [8, 21.25, 9]},
			"faces": {
				"north": {"uv": [6, 6, 10, 7], "texture": "#2"},
				"east": {"uv": [0, 0, 0, 1], "texture": "#missing"},
				"south": {"uv": [6, 6, 10, 7], "texture": "#2"},
				"west": {"uv": [0, 0, 0, 1], "texture": "#missing"},
				"up": {"uv": [0, 0, 4, 0], "texture": "#missing"},
				"down": {"uv": [0, 0, 4, 0], "texture": "#missing"}
			}
		},
		{
			"from": [0, 19, 8],
			"to": [5, 20, 8],
			"rotation": {"angle": 45, "axis": "y", "origin": [8, 21.25, 9]},
			"faces": {
				"north": {"uv": [9, 12, 14, 13], "texture": "#2"},
				"east": {"uv": [0, 0, 0, 1], "texture": "#missing"},
				"south": {"uv": [9, 12, 14, 13], "texture": "#2"},
				"west": {"uv": [0, 0, 0, 1], "texture": "#missing"},
				"up": {"uv": [0, 0, 5, 0], "texture": "#missing"},
				"down": {"uv": [0, 0, 5, 0], "texture": "#missing"}
			}
		},
		{
			"from": [1, 20, 8],
			"to": [4, 21, 8],
			"rotation": {"angle": 45, "axis": "y", "origin": [8, 21.25, 9]},
			"faces": {
				"north": {"uv": [10, 11, 13, 12], "texture": "#2"},
				"east": {"uv": [0, 0, 0, 1], "texture": "#missing"},
				"south": {"uv": [10, 11, 13, 12], "texture": "#2"},
				"west": {"uv": [0, 0, 0, 1], "texture": "#missing"},
				"up": {"uv": [0, 0, 3, 0], "texture": "#missing"},
				"down": {"uv": [0, 0, 3, 0], "texture": "#missing"}
			}
		},
		{
			"from": [2, 16, 8],
			"to": [3, 19, 8],
			"rotation": {"angle": 45, "axis": "y", "origin": [8, 21.25, 9]},
			"faces": {
				"north": {"uv": [11, 13, 12, 16], "texture": "#2"},
				"east": {"uv": [0, 0, 0, 5], "texture": "#missing"},
				"south": {"uv": [11, 13, 12, 16], "texture": "#2"},
				"west": {"uv": [0, 0, 0, 5], "texture": "#missing"},
				"up": {"uv": [0, 0, 1, 0], "texture": "#missing"},
				"down": {"uv": [0, 0, 1, 0], "texture": "#missing"}
			}
		},
		{
			"from": [-1, 17, 8],
			"to": [2, 18, 8],
			"rotation": {"angle": 45, "axis": "y", "origin": [8, 21.25, 9]},
			"faces": {
				"north": {"uv": [12, 14, 15, 15], "texture": "#2"},
				"east": {"uv": [0, 0, 0, 1], "texture": "#missing"},
				"south": {"uv": [12, 14, 15, 15], "texture": "#2"},
				"west": {"uv": [0, 0, 0, 1], "texture": "#missing"},
				"up": {"uv": [0, 0, 3, 0], "texture": "#missing"},
				"down": {"uv": [0, 0, 3, 0], "texture": "#missing"}
			}
		},
		{
			"from": [0, 16, 8],
			"to": [1, 17, 8],
			"rotation": {"angle": 45, "axis": "y", "origin": [8, 21.25, 9]},
			"faces": {
				"north": {"uv": [13, 15, 14, 16], "texture": "#2"},
				"east": {"uv": [0, 0, 0, 2], "texture": "#missing"},
				"south": {"uv": [13, 15, 14, 16], "texture": "#2"},
				"west": {"uv": [0, 0, 0, 2], "texture": "#missing"},
				"up": {"uv": [0, 0, 1, 0], "texture": "#missing"},
				"down": {"uv": [0, 0, 1, 0], "texture": "#missing"}
			}
		}
	],
	"groups": [
		0,
		{
			"name": "group",
			"origin": [8, 8, 8],
			"color": 0,
			"children": [1, 2, 3, 4, 5, 6, 7, 8, 9, 10, 11, 12, 13, 14]
		},
		{
			"name": "group",
			"origin": [8, 8, 8],
			"color": 0,
			"children": [15, 16, 17, 18, 19, 20, 21, 22, 23, 24, 25, 26, 27, 28]
		}
	]
}