{
	"credit": "Made with Blockbench",
	"texture_size": [128, 128],
	"textures": {
		"particle": "block/pasted"
	},
	"display": {
		"thirdperson_righthand": {
			"rotation": [44, 45, 0],
			"translation": [-0.5, 2.5, 1.5],
			"scale": [0.4, 0.4, 0.4]
		},
		"thirdperson_lefthand": {
			"rotation": [44, 45, 0],
			"translation": [-0.5, 2.5, 1.5],
			"scale": [0.4, 0.4, 0.4]
		},
		"firstperson_righthand": {
			"rotation": [0, 16, 0],
			"translation": [0, -1, 0],
			"scale": [0.5, 0.5, 0.5]
		},
		"firstperson_lefthand": {
			"rotation": [0, 16, 0],
			"translation": [0, -1, 0],
			"scale": [0.5, 0.5, 0.5]
		},
		"ground": {
			"translation": [0, 3.25, 0],
			"scale": [0.5, 0.5, 0.5]
		},
		"gui": {
			"rotation": [24, 130, 0],
			"translation": [0, -2, 0],
			"scale": [0.5, 0.5, 0.5]
		},
		"head": {
			"rotation": [0, 0, -180],
			"translation": [0, 10, -1.25]
		},
		"fixed": {
			"translation": [0, -2.25, -1.25],
			"scale": [0.6, 0.6, 0.6]
		}
	}
}