{
	"credit": "Made with Blockbench",
	"texture_size": [32, 32],
	"textures": {
		"particle": "vs_eureka:block/birch_ship_helm"
	},
	"display": {
		"thirdperson_righthand": {
			"rotation": [90, 0, 0],
			"translation": [0, -2, 8],
			"scale": [0.5, 1, 0.5]
		},
		"thirdperson_lefthand": {
			"rotation": [90, 0, 0],
			"translation": [0, -2, 8],
			"scale": [0.5, 1, 0.5]
		},
		"firstperson_righthand": {
			"rotation": [90, 0, 0],
			"translation": [10.5, 0.5, -0.5]
		},
		"firstperson_lefthand": {
			"rotation": [90, 0, 0],
			"translation": [10.5, 0.5, -0.5]
		},
		"ground": {
			"translation": [0, 6.75, 0],
			"scale": [0.7, 0.7, 0.7]
		},
		"gui": {
			"rotation": [90, 0, 0],
			"translation": [0, 0, 18],
			"scale": [0.7, 0.7, 0.7]
		},
		"head": {
			"rotation": [90, 0, 0],
			"translation": [0, 0, 1.5]
		},
		"fixed": {
			"rotation": [90, 0, 0],
			"translation": [0, 0, 18],
			"scale": [2, 2, 2]
		}
	}
}