{
	"credit": "Made with Blockbench",
	"texture_size": [64, 64],
	"textures": {
		"0": "vs_eureka:block/crimson_ship_helm",
		"particle": "block/pasted"
	},
	"elements": [
		{
			"name": "base",
			"from": [1, 0, 5],
			"to": [15, 8, 12],
			"faces": {
				"north": {"uv": [1.75, 1.75, 5.25, 3.75], "texture": "#0"},
				"east": {"uv": [0, 1.75, 1.75, 3.75], "texture": "#0"},
				"south": {"uv": [7, 1.75, 10.5, 3.75], "texture": "#0"},
				"west": {"uv": [5.25, 1.75, 7, 3.75], "texture": "#0"},
				"up": {"uv": [5.25, 1.75, 1.75, 0], "texture": "#0"},
				"down": {"uv": [8.75, 0, 5.25, 1.75], "texture": "#0"}
			}
		}
	],
	"display": {
		"thirdperson_righthand": {
			"rotation": [44, 45, 0],
			"translation": [-0.5, 2.5, 2],
			"scale": [0.4, 0.4, 0.4]
		},
		"thirdperson_lefthand": {
			"rotation": [44, 45, 0],
			"translation": [-0.5, 2.5, 2],
			"scale": [0.4, 0.4, 0.4]
		},
		"firstperson_righthand": {
			"rotation": [0, 16, 0],
			"translation": [1.5, 1.5, 0],
			"scale": [0.5, 0.5, 0.5]
		},
		"firstperson_lefthand": {
			"rotation": [0, 16, 0],
			"translation": [1.5, 1.5, 0],
			"scale": [0.5, 0.5, 0.5]
		},
		"ground": {
			"translation": [0, 3.25, 0],
			"scale": [0.5, 0.5, 0.5]
		},
		"gui": {
			"rotation": [24, 130, 0],
			"translation": [0, -2, 0],
			"scale": [0.5, 0.5, 0.5]
		},
		"head": {
			"rotation": [-118, 0, 13],
			"translation": [-1.5, -3.75, -5],
			"scale": [0.4, 0.4, 0.4]
		},
		"fixed": {
			"translation": [0, -2.25, -0.5],
			"scale": [0.6, 0.6, 0.6]
		}
	},
	"groups": [
		{
			"name": "bone",
			"origin": [0, 0, 0],
			"color": 0,
			"children": [0]
		}
	]
}