{
	"credit": "Made with Blockbench",
	"texture_size": [64, 64],
	"textures": {
		"0": "vs_eureka:block/crimson_ship_helm",
		"particle": "block/pasted"
	},
	"elements": [
		{
			"name": "lever",
			"from": [6.5, 3, -1],
			"to": [9.5, 17, 2],
			"faces": {
				"north": {"uv": [0.75, 4.5, 1.5, 8], "texture": "#0"},
				"east": {"uv": [0, 4.5, 0.75, 8], "texture": "#0"},
				"south": {"uv": [2.25, 4.5, 3, 8], "texture": "#0"},
				"west": {"uv": [1.5, 4.5, 2.25, 8], "texture": "#0"},
				"up": {"uv": [1.5, 4.5, 0.75, 3.75], "texture": "#0"},
				"down": {"uv": [2.25, 3.75, 1.5, 4.5], "texture": "#0"}
			}
		},
		{
			"name": "lever",
			"from": [6, 17, -1.5],
			"to": [10, 23, 2.5],
			"faces": {
				"north": {"uv": [4, 4.75, 5, 6.25], "texture": "#0"},
				"east": {"uv": [3, 4.75, 4, 6.25], "texture": "#0"},
				"south": {"uv": [6, 4.75, 7, 6.25], "texture": "#0"},
				"west": {"uv": [5, 4.75, 6, 6.25], "texture": "#0"},
				"up": {"uv": [5, 4.75, 4, 3.75], "texture": "#0"},
				"down": {"uv": [6, 3.75, 5, 4.75], "texture": "#0"}
			}
		}
	],
	"display": {
		"thirdperson_righthand": {
			"rotation": [44, 45, 0],
			"translation": [-0.5, 2.5, 2],
			"scale": [0.4, 0.4, 0.4]
		},
		"thirdperson_lefthand": {
			"rotation": [44, 45, 0],
			"translation": [-0.5, 2.5, 2],
			"scale": [0.4, 0.4, 0.4]
		},
		"firstperson_righthand": {
			"rotation": [0, 16, 0],
			"translation": [1.5, 1.5, 0],
			"scale": [0.5, 0.5, 0.5]
		},
		"firstperson_lefthand": {
			"rotation": [0, 16, 0],
			"translation": [1.5, 1.5, 0],
			"scale": [0.5, 0.5, 0.5]
		},
		"ground": {
			"translation": [0, 3.25, 0],
			"scale": [0.5, 0.5, 0.5]
		},
		"gui": {
			"rotation": [24, 130, 0],
			"translation": [0, -2, 0],
			"scale": [0.5, 0.5, 0.5]
		},
		"head": {
			"rotation": [-118, 0, 13],
			"translation": [-1.5, -3.75, -5],
			"scale": [0.4, 0.4, 0.4]
		},
		"fixed": {
			"translation": [0, -2.25, -0.5],
			"scale": [0.6, 0.6, 0.6]
		}
	},
	"groups": [
		{
			"name": "bone",
			"origin": [0, 0, 0],
			"color": 0,
			"children": [0, 1]
		}
	]
}