{
	"credit": "Made with Blockbench",
	"texture_size": [64, 64],
	"textures": {
		"2": "vs_eureka:block/jungle_ship_helm",
		"particle": "block/pasted"
	},
	"elements": [
		{
			"name": "wheel",
			"from": [2, 11, 3],
			"to": [14, 23, 5],
			"rotation": {"angle": 0, "axis": "y", "origin": [0, 0, 16]},
			"faces": {
				"north": {"uv": [0.5, 11, 3.5, 14], "texture": "#2"},
				"east": {"uv": [0, 11, 0.5, 14], "texture": "#2"},
				"south": {"uv": [4, 11, 7, 14], "texture": "#2"},
				"west": {"uv": [3.5, 11, 4, 14], "texture": "#2"},
				"up": {"uv": [3.5, 11, 0.5, 10.5], "texture": "#2"},
				"down": {"uv": [6.5, 10.5, 3.5, 11], "texture": "#2"}
			}
		},
		{
			"name": "axel",
			"from": [6, 15, 0],
			"to": [10, 19, 3],
			"rotation": {"angle": 0, "axis": "y", "origin": [0, 0, 16]},
			"faces": {
				"north": {"uv": [12.25, 2.5, 13.25, 3.5], "texture": "#2"},
				"east": {"uv": [11.5, 2.5, 12.25, 3.5], "texture": "#2"},
				"south": {"uv": [14, 2.5, 15, 3.5], "texture": "#2"},
				"west": {"uv": [13.25, 2.5, 14, 3.5], "texture": "#2"},
				"up": {"uv": [13.25, 2.5, 12.25, 1.75], "texture": "#2"},
				"down": {"uv": [14.25, 1.75, 13.25, 2.5], "texture": "#2"}
			}
		}
	],
	"display": {
		"thirdperson_righthand": {
			"rotation": [44, 45, 0],
			"translation": [-0.5, 2.5, 1.5],
			"scale": [0.4, 0.4, 0.4]
		},
		"thirdperson_lefthand": {
			"rotation": [44, 45, 0],
			"translation": [-0.5, 2.5, 1.5],
			"scale": [0.4, 0.4, 0.4]
		},
		"firstperson_righthand": {
			"rotation": [0, 16, 0],
			"translation": [0, -1, 0],
			"scale": [0.5, 0.5, 0.5]
		},
		"firstperson_lefthand": {
			"rotation": [0, 16, 0],
			"translation": [0, -1, 0],
			"scale": [0.5, 0.5, 0.5]
		},
		"ground": {
			"translation": [0, 3.25, 0],
			"scale": [0.5, 0.5, 0.5]
		},
		"gui": {
			"rotation": [24, 130, 0],
			"translation": [0, -2, 0],
			"scale": [0.5, 0.5, 0.5]
		},
		"head": {
			"rotation": [0, 0, -180],
			"translation": [0, 2, -1.25]
		},
		"fixed": {
			"translation": [0, -2.25, -1.25],
			"scale": [0.6, 0.6, 0.6]
		}
	},
	"groups": [
		{
			"name": "main",
			"origin": [0, 0, 0],
			"color": 0,
			"children": [0, 1]
		},
		{
			"name": "rocks",
			"origin": [0, 0, 0],
			"color": 0,
			"children": []
		}
	]
}