{
	"credit": "Made with Blockbench",
	"texture_size": [64, 64],
	"textures": {
		"2": "vs_eureka:block/jungle_ship_helm",
		"particle": "block/pasted"
	},
	"elements": [
		{
			"name": "base",
			"from": [0, 0, 2],
			"to": [16, 7, 16],
			"faces": {
				"north": {"uv": [3.5, 3.5, 7.5, 5.25], "texture": "#2"},
				"east": {"uv": [0, 3.5, 3.5, 5.25], "texture": "#2"},
				"south": {"uv": [11, 3.5, 15, 5.25], "texture": "#2"},
				"west": {"uv": [7.5, 3.5, 11, 5.25], "texture": "#2"},
				"up": {"uv": [7.5, 3.5, 3.5, 0], "texture": "#2"},
				"down": {"uv": [11.5, 0, 7.5, 3.5], "texture": "#2"}
			}
		},
		{
			"name": "body",
			"from": [0, 7, 9],
			"to": [16, 21, 16],
			"faces": {
				"north": {"uv": [1.75, 7, 5.75, 10.5], "texture": "#2"},
				"east": {"uv": [0, 7, 1.75, 10.5], "texture": "#2"},
				"south": {"uv": [7.5, 7, 11.5, 10.5], "texture": "#2"},
				"west": {"uv": [5.75, 7, 7.5, 10.5], "texture": "#2"},
				"up": {"uv": [5.75, 7, 1.75, 5.25], "texture": "#2"},
				"down": {"uv": [9.75, 5.25, 5.75, 7], "texture": "#2"}
			}
		}
	],
	"display": {
		"thirdperson_righthand": {
			"rotation": [44, 45, 0],
			"translation": [-0.5, 2.5, 1.5],
			"scale": [0.4, 0.4, 0.4]
		},
		"thirdperson_lefthand": {
			"rotation": [44, 45, 0],
			"translation": [-0.5, 2.5, 1.5],
			"scale": [0.4, 0.4, 0.4]
		},
		"firstperson_righthand": {
			"rotation": [0, 16, 0],
			"translation": [0, -1, 0],
			"scale": [0.5, 0.5, 0.5]
		},
		"firstperson_lefthand": {
			"rotation": [0, 16, 0],
			"translation": [0, -1, 0],
			"scale": [0.5, 0.5, 0.5]
		},
		"ground": {
			"translation": [0, 3.25, 0],
			"scale": [0.5, 0.5, 0.5]
		},
		"gui": {
			"rotation": [24, 130, 0],
			"translation": [0, -2, 0],
			"scale": [0.5, 0.5, 0.5]
		},
		"head": {
			"rotation": [0, 0, -180],
			"translation": [0, 2, -1.25]
		},
		"fixed": {
			"translation": [0, -2.25, -1.25],
			"scale": [0.6, 0.6, 0.6]
		}
	},
	"groups": [
		{
			"name": "main",
			"origin": [0, 0, 0],
			"color": 0,
			"children": [0, 1]
		},
		{
			"name": "rocks",
			"origin": [0, 0, 0],
			"color": 0,
			"children": []
		}
	]
}