{
  "the_bumblezone:pollinated_fields": {
    "r": 245,
    "g": 240,
    "b": 26,
    "cave": false
  },
  "biomesoplenty:lavender_field": {
    "r": 181,
    "g": 119,
    "b": 178,
    "cave": false
  },
  "biomesoplenty:mystic_grove": {
    "r": 176,
    "g": 59,
    "b": 122,
    "cave": false
  },
  "alexscaves:magnetic_caves": {
    "r": 27,
    "g": 41,
    "b": 142,
    "cave": true
  },
  "quark:glimmering_weald": {
    "r": 222,
    "g": 139,
    "b": 212,
    "cave": false
  },
  "biomesoplenty:rainforest": {
    "r": 62,
    "g": 225,
    "b": 135,
    "cave": false
  },
  "biomesoplenty:visceral_heap": {
    "r": 222,
    "g": 0,
    "b": 78,
    "cave": false
  },
  "biomesoplenty:prairie": {
    "r": 72,
    "g": 204,
    "b": 97,
    "cave": false
  },
  "minecraft:savanna_plateau": {
    "r": 255,
    "g": 168,
    "b": 7,
    "cave": false
  },
  "biomesoplenty:bayou": {
    "r": 57,
    "g": 87,
    "b": 41,
    "cave": false
  },
  "minecraft:snowy_taiga": {
    "r": 138,
    "g": 166,
    "b": 154,
    "cave": false
  },
  "minecraft:dripstone_caves": {
    "r": 154,
    "g": 107,
    "b": 30,
    "cave": true
  },
  "biomesoplenty:snowy_fir_clearing": {
    "r": 177,
    "g": 229,
    "b": 224,
    "cave": false
  },
  "biomesoplenty:pasture": {
    "r": 46,
    "g": 174,
    "b": 49,
    "cave": false
  },
  "the_bumblezone:crystal_canyon": {
    "r": 254,
    "g": 181,
    "b": 0,
    "cave": false
  },
  "minecraft:grove": {
    "r": 91,
    "g": 213,
    "b": 91,
    "cave": false
  },
  "galosphere:lichen_caves": {
    "r": 92,
    "g": 143,
    "b": 131,
    "cave": true
  },
  "biomesoplenty:jade_cliffs": {
    "r": 164,
    "g": 190,
    "b": 190,
    "cave": false
  },
  "biomesoplenty:snowblossom_grove": {
    "r": 227,
    "g": 228,
    "b": 230,
    "cave": false
  },
  "biomesoplenty:dead_forest": {
    "r": 137,
    "g": 130,
    "b": 88,
    "cave": false
  },
  "biomesoplenty:cold_desert": {
    "r": 143,
    "g": 151,
    "b": 151,
    "cave": false
  },
  "biomesoplenty:fir_clearing": {
    "r": 60,
    "g": 151,
    "b": 81,
    "cave": false
  },
  "biomesoplenty:coniferous_forest": {
    "r": 37,
    "g": 90,
    "b": 35,
    "cave": false
  },
  "biomesoplenty:dune_beach": {
    "r": 231,
    "g": 199,
    "b": 98,
    "cave": false
  },
  "blueprint:original_source_marker": {
    "r": 55,
    "g": 42,
    "b": 154,
    "cave": false
  },
  "biomesoplenty:wasteland": {
    "r": 49,
    "g": 49,
    "b": 13,
    "cave": false
  },
  "gardens_of_the_dead:whistling_woods": {
    "r": 47,
    "g": 31,
    "b": 56,
    "cave": false
  },
  "riverredux:gravelly_river": {
    "r": 102,
    "g": 105,
    "b": 118,
    "cave": false
  },
  "biomesoplenty:seasonal_forest": {
    "r": 242,
    "g": 128,
    "b": 2,
    "cave": false
  },
  "biomesoplenty:wetland": {
    "r": 125,
    "g": 97,
    "b": 219,
    "cave": false
  },
  "the_bumblezone:pollinated_pillar": {
    "r": 250,
    "g": 218,
    "b": 89,
    "cave": false
  },
  "biomesoplenty:lush_savanna": {
    "r": 156,
    "g": 155,
    "b": 79,
    "cave": false
  },
  "minecraft:flower_forest": {
    "r": 253,
    "g": 177,
    "b": 0,
    "cave": false
  },
  "biomesoplenty:crag": {
    "r": 100,
    "g": 111,
    "b": 121,
    "cave": false
  },
  "galosphere:crystal_canyons": {
    "r": 144,
    "g": 83,
    "b": 25,
    "cave": true
  },
  "terrablender:deferred_placeholder": {
    "r": 250,
    "g": 240,
    "b": 234,
    "cave": false
  },
  "biomesoplenty:highland": {
    "r": 58,
    "g": 153,
    "b": 103,
    "cave": false
  },
  "biomesoplenty:forested_field": {
    "r": 98,
    "g": 151,
    "b": 49,
    "cave": false
  },
  "biomesoplenty:field": {
    "r": 83,
    "g": 174,
    "b": 55,
    "cave": false
  },
  "ars_nouveau:archwood_forest": {
    "r": 172,
    "g": 97,
    "b": 189,
    "cave": false
  },
  "biomesoplenty:snowy_maple_woods": {
    "r": 241,
    "g": 211,
    "b": 181,
    "cave": false
  },
  "galosphere:pink_salt_caves": {
    "r": 200,
    "g": 126,
    "b": 188,
    "cave": false
  },
  "biomesoplenty:origin_valley": {
    "r": 33,
    "g": 192,
    "b": 45,
    "cave": false
  },
  "biomesoplenty:rocky_shrubland": {
    "r": 133,
    "g": 117,
    "b": 99,
    "cave": false
  },
  "biomesoplenty:scrubland": {
    "r": 223,
    "g": 177,
    "b": 8,
    "cave": false
  },
  "gardens_of_the_dead:soulblight_forest": {
    "r": 155,
    "g": 161,
    "b": 163,
    "cave": false
  },
  "biomesoplenty:pumpkin_patch": {
    "r": 240,
    "g": 125,
    "b": 11,
    "cave": false
  },
  "eldritch_end:primordial_abyss": {
    "r": 47,
    "g": 26,
    "b": 91,
    "cave": false
  },
  "biomesoplenty:shrubland": {
    "r": 39,
    "g": 236,
    "b": 43,
    "cave": false
  },
  "biomesoplenty:volcanic_plains": {
    "r": 154,
    "g": 72,
    "b": 21,
    "cave": false
  },
  "biomesoplenty:ominous_woods": {
    "r": 29,
    "g": 79,
    "b": 61,
    "cave": false
  },
  "biomesoplenty:floodplain": {
    "r": 100,
    "g": 182,
    "b": 154,
    "cave": false
  },
  "biomesoplenty:moor": {
    "r": 26,
    "g": 117,
    "b": 40,
    "cave": false
  },
  "biomesoplenty:tundra": {
    "r": 30,
    "g": 146,
    "b": 91,
    "cave": false
  },
  "alexscaves:primordial_caves": {
    "r": 220,
    "g": 159,
    "b": 17,
    "cave": true
  },
  "the_bumblezone:sugar_water_floor": {
    "r": 15,
    "g": 223,
    "b": 171,
    "cave": false
  },
  "biomesoplenty:mediterranean_forest": {
    "r": 97,
    "g": 141,
    "b": 34,
    "cave": false
  },
  "biomesoplenty:crystalline_chasm": {
    "r": 222,
    "g": 105,
    "b": 154,
    "cave": true
  },
  "biomesoplenty:muskeg": {
    "r": 40,
    "g": 129,
    "b": 98,
    "cave": false
  },
  "biomesoplenty:bog": {
    "r": 124,
    "g": 124,
    "b": 124,
    "cave": false
  },
  "biomesoplenty:rocky_rainforest": {
    "r": 101,
    "g": 126,
    "b": 100,
    "cave": false
  },
  "biomesoplenty:maple_woods": {
    "r": 232,
    "g": 104,
    "b": 50,
    "cave": false
  },
  "biomesoplenty:glowing_grotto": {
    "r": 246,
    "g": 177,
    "b": 87,
    "cave": true
  },
  "biomesoplenty:seasonal_orchard": {
    "r": 200,
    "g": 159,
    "b": 70,
    "cave": false
  },
  "biomesoplenty:dryland": {
    "r": 222,
    "g": 229,
    "b": 123,
    "cave": false
  },
  "biomesoplenty:grassland": {
    "r": 108,
    "g": 150,
    "b": 72,
    "cave": false
  },
  "alexscaves:abyssal_chasm": {
    "r": 39,
    "g": 32,
    "b": 83,
    "cave": false
  },
  "biomesoplenty:old_growth_woodland": {
    "r": 99,
    "g": 138,
    "b": 47,
    "cave": false
  },
  "alexscaves:toxic_caves": {
    "r": 16,
    "g": 201,
    "b": 29,
    "cave": true
  },
  "biomesoplenty:erupting_inferno": {
    "r": 237,
    "g": 102,
    "b": 12,
    "cave": false
  },
  "biomesoplenty:old_growth_dead_forest": {
    "r": 105,
    "g": 96,
    "b": 32,
    "cave": false
  },
  "biomesoplenty:volcano": {
    "r": 239,
    "g": 89,
    "b": 8,
    "cave": false
  },
  "biomesoplenty:redwood_forest": {
    "r": 164,
    "g": 77,
    "b": 31,
    "cave": false
  },
  "biomesoplenty:tropics": {
    "r": 136,
    "g": 240,
    "b": 92,
    "cave": false
  },
  "eldritch_end:hasturian_wastes": {
    "r": 66,
    "g": 25,
    "b": 104,
    "cave": false
  },
  "minecraft:desert": {
    "r": 255,
    "g": 241,
    "b": 32,
    "cave": false
  },
  "luminous_nether:ash_forest": {
    "r": 112,
    "g": 126,
    "b": 118,
    "cave": false
  },
  "the_bumblezone:floral_meadow": {
    "r": 227,
    "g": 230,
    "b": 65,
    "cave": false
  },
  "biomesoplenty:clover_patch": {
    "r": 217,
    "g": 244,
    "b": 132,
    "cave": false
  },
  "biomesoplenty:lush_desert": {
    "r": 141,
    "g": 146,
    "b": 60,
    "cave": false
  },
  "biomesoplenty:orchard": {
    "r": 141,
    "g": 176,
    "b": 23,
    "cave": false
  },
  "the_bumblezone:hive_wall": {
    "r": 253,
    "g": 230,
    "b": 44,
    "cave": false
  },
  "biomesoplenty:auroral_garden": {
    "r": 69,
    "g": 159,
    "b": 92,
    "cave": false
  },
  "biomesoplenty:woodland": {
    "r": 95,
    "g": 138,
    "b": 62,
    "cave": false
  },
  "biomesoplenty:snowy_coniferous_forest": {
    "r": 200,
    "g": 229,
    "b": 219,
    "cave": false
  },
  "riverredux:sandy_river": {
    "r": 243,
    "g": 219,
    "b": 83,
    "cave": false
  },
  "alexscaves:forlorn_hollows": {
    "r": 148,
    "g": 87,
    "b": 12,
    "cave": true
  },
  "biomesoplenty:fungal_jungle": {
    "r": 102,
    "g": 67,
    "b": 110,
    "cave": false
  },
  "luminous_nether:fungal_plains": {
    "r": 135,
    "g": 83,
    "b": 124,
    "cave": false
  },
  "biomesoplenty:undergrowth": {
    "r": 100,
    "g": 144,
    "b": 63,
    "cave": false
  },
  "biomesoplenty:lavender_forest": {
    "r": 148,
    "g": 83,
    "b": 166,
    "cave": false
  },
  "the_bumblezone:howling_constructs": {
    "r": 137,
    "g": 114,
    "b": 34,
    "cave": false
  },
  "riverredux:tropical_river": {
    "r": 61,
    "g": 169,
    "b": 157,
    "cave": false
  },
  "biomesoplenty:spider_nest": {
    "r": 163,
    "g": 163,
    "b": 163,
    "cave": true
  },
  "biomesoplenty:wasteland_steppe": {
    "r": 103,
    "g": 84,
    "b": 24,
    "cave": false
  },
  "biomesoplenty:marsh": {
    "r": 92,
    "g": 116,
    "b": 45,
    "cave": false
  },
  "minecraft:meadow": {
    "r": 141,
    "g": 141,
    "b": 69,
    "cave": false
  },
  "the_bumblezone:hive_pillar": {
    "r": 231,
    "g": 192,
    "b": 23,
    "cave": false
  },
  "biomesoplenty:withered_abyss": {
    "r": 54,
    "g": 34,
    "b": 56,
    "cave": false
  },
  "minecraft:savanna": {
    "r": 220,
    "g": 131,
    "b": 17,
    "cave": false
  }
}
