{
  "type": "minecraft:woodland_mansion",
  "biomes": "#minecraft:has_structure/woodland_mansion",
  "spawn_overrides": {
    "ambient": {
      "bounding_box": "piece",
      "spawns": []
    },
    "axolotls": {
      "bounding_box": "piece",
      "spawns": []
    },
    "creature": {
      "bounding_box": "piece",
      "spawns": []
    },
    "misc": {
      "bounding_box": "piece",
      "spawns": []
    },
    "monster": {
      "bounding_box": "piece",
      "spawns": []
    },
    "underground_water_creature": {
      "bounding_box": "piece",
      "spawns": []
    },
    "water_ambient": {
      "bounding_box": "piece",
      "spawns": []
    },
    "water_creature": {
      "bounding_box": "piece",
      "spawns": []
    }
  },
