{
	"credit": "Made with Blockbench",
	"parent": "minecraft:block/crop",
	"render_type": "minecraft:cutout",
	"textures": {
		"1": "corn_delight:block/wild_corn_crop_01",
		"particle": "corn_delight:block/wild_corn_crop_01"
	},
	"elements": [
		{
			"from": [10, 10, 6],
			"to": [10, 16, 9],
			"rotation": {"angle": 0, "axis": "y", "origin": [10.19385, 6.99482, 9]},
			"faces": {
				"north": {"uv": [0, 0, 0, 3], "texture": "#1"},
				"east": {"uv": [9, 5, 12, 11], "texture": "#1"},
				"south": {"uv": [0, 0, 0, 3], "texture": "#1"},
				"west": {"uv": [12, 5, 9, 11], "texture": "#1"},
				"up": {"uv": [0, 0, 0, 3], "texture": "#1"},
				"down": {"uv": [0, 0, 0, 3], "texture": "#1"}
			}
		},
		{
			"from": [14.23041, 5.82336, 9],
			"to": [14.23041, 8.82336, 10],
			"rotation": {"angle": 22.5, "axis": "z", "origin": [10.09385, 8.99482, 9]},
			"faces": {
				"north": {"uv": [0, 0, 0, 3], "texture": "#1"},
				"east": {"uv": [5, 9, 4, 6], "texture": "#1"},
				"south": {"uv": [0, 0, 0, 3], "texture": "#1"},
				"west": {"uv": [4, 9, 5, 6], "texture": "#1"},
				"up": {"uv": [0, 0, 0, 2], "texture": "#1"},
				"down": {"uv": [0, 0, 0, 2], "texture": "#1"}
			}
		},
		{
			"from": [8.15874, 3.16424, 9],
			"to": [8.15874, 6.16424, 10],
			"rotation": {"angle": -22.5, "axis": "z", "origin": [11.19385, 8.99482, 9]},
			"faces": {
				"north": {"uv": [0, 0, 0, 3], "texture": "#1"},
				"east": {"uv": [6, 9, 5, 6], "texture": "#1"},
				"south": {"uv": [0, 0, 0, 3], "texture": "#1"},
				"west": {"uv": [5, 9, 6, 6], "texture": "#1"},
				"up": {"uv": [0, 0, 0, 2], "texture": "#1"},
				"down": {"uv": [0, 0, 0, 2], "texture": "#1"}
			}
		},
		{
			"from": [7.13139, 2.26544, 9.001],
			"to": [8.12139, 5.26544, 9.991],
			"rotation": {"angle": 22.5, "axis": "z", "origin": [11.19385, 8.99482, 9]},
			"faces": {
				"north": {"uv": [12, 13, 12.99, 16], "texture": "#1"},
				"east": {"uv": [9, 13, 9.99, 16], "texture": "#1"},
				"south": {"uv": [9.99, 13, 9, 16], "texture": "#1"},
				"west": {"uv": [12, 13, 12.99, 16], "texture": "#1"},
				"up": {"uv": [9.99, 13.99, 9, 13], "texture": "#1"},
				"down": {"uv": [2, 8, 2.99, 8.99], "texture": "#1"}
			}
		},
		{
			"from": [12.15663, 3.94751, 9.001],
			"to": [13.14663, 10.94751, 9.991],
			"rotation": {"angle": -22.5, "axis": "z", "origin": [11.19385, 8.99482, 9]},
			"faces": {
				"north": {"uv": [8, 9, 8.99, 16], "texture": "#1"},
				"east": {"uv": [8, 9, 8.99, 16], "texture": "#1"},
				"south": {"uv": [8, 9, 8.99, 16], "texture": "#1"},
				"west": {"uv": [8, 8, 8.99, 15], "texture": "#1"},
				"up": {"uv": [8, 8.99, 8.99, 8], "texture": "#1"},
				"down": {"uv": [1, 2, 1.99, 2.99], "texture": "#1"}
			}
		},
		{
			"from": [10, 6, 9],
			"to": [10, 15, 12],
			"rotation": {"angle": 0, "axis": "y", "origin": [10.19385, 6.99482, 9]},
			"faces": {
				"north": {"uv": [0, 0, 0, 2], "texture": "#1"},
				"east": {"uv": [15, 7, 12, 16], "texture": "#1"},
				"south": {"uv": [0, 0, 0, 2], "texture": "#1"},
				"west": {"uv": [12, 7, 15, 16], "texture": "#1"},
				"up": {"uv": [0, 0, 0, 2], "texture": "#1"},
				"down": {"uv": [0, 0, 0, 2], "texture": "#1"}
			}
		},
		{
			"from": [8, 6, 10],
			"to": [13, 16, 10],
			"rotation": {"angle": 0, "axis": "y", "origin": [10.19385, 7.99482, 9]},
			"faces": {
				"north": {"uv": [10, 6, 15, 16], "texture": "#1"},
				"east": {"uv": [0, 0, 0, 2], "texture": "#1"},
				"south": {"uv": [15, 6, 10, 16], "texture": "#1"},
				"west": {"uv": [0, 0, 0, 2], "texture": "#1"},
				"up": {"uv": [0, 0, 2, 0], "texture": "#1"},
				"down": {"uv": [0, 0, 2, 0], "texture": "#1"}
			}
		},
		{
			"from": [13.13275, 3.76483, 9],
			"to": [13.13275, 11.76483, 10],
			"rotation": {"angle": -22.5, "axis": "z", "origin": [10.09385, 8.99482, 9]},
			"faces": {
				"north": {"uv": [0, 0, 0, 3], "texture": "#1"},
				"east": {"uv": [2, 1, 1, 9], "texture": "#1"},
				"south": {"uv": [0, 0, 0, 3], "texture": "#1"},
				"west": {"uv": [1, 5, 2, 13], "texture": "#1"},
				"up": {"uv": [0, 0, 0, 2], "texture": "#1"},
				"down": {"uv": [0, 0, 0, 2], "texture": "#1"}
			}
		},
		{
			"from": [7.03139, 2.06544, 9],
			"to": [7.03139, 9.06544, 10],
			"rotation": {"angle": 22.5, "axis": "z", "origin": [11.19385, 8.99482, 9]},
			"faces": {
				"north": {"uv": [0, 0, 0, 2], "texture": "#1"},
				"east": {"uv": [4, 7, 5, 14], "texture": "#1"},
				"south": {"uv": [0, 0, 0, 2], "texture": "#1"},
				"west": {"uv": [5, 7, 4, 14], "texture": "#1"},
				"up": {"uv": [0, 0, 0, 2], "texture": "#1"},
				"down": {"uv": [0, 0, 0, 2], "texture": "#1"}
			}
		},
		{
			"from": [10, 0, 9],
			"to": [11, 10, 10],
			"rotation": {"angle": 0, "axis": "y", "origin": [11.19385, 8.99482, 9]},
			"faces": {
				"north": {"uv": [1, 0, 2, 10], "texture": "#1"},
				"east": {"uv": [1, 10, 2, 0], "texture": "#1"},
				"south": {"uv": [1, 3, 2, 13], "texture": "#1"},
				"west": {"uv": [1, 2, 2, 12], "texture": "#1"},
				"up": {"uv": [1, 9, 2, 10], "texture": "#1"},
				"down": {"uv": [1, 14, 2, 15], "texture": "#1"}
			}
		},
		{
			"from": [3, 10, 1],
			"to": [3, 16, 4],
			"rotation": {"angle": 0, "axis": "y", "origin": [3.19385, 6.99482, 4]},
			"faces": {
				"north": {"uv": [0, 0, 0, 3], "texture": "#1"},
				"east": {"uv": [9, 5, 12, 11], "texture": "#1"},
				"south": {"uv": [0, 0, 0, 3], "texture": "#1"},
				"west": {"uv": [12, 5, 9, 11], "texture": "#1"},
				"up": {"uv": [0, 0, 0, 3], "texture": "#1"},
				"down": {"uv": [0, 0, 0, 3], "texture": "#1"}
			}
		},
		{
			"from": [7.23041, 5.82336, 4],
			"to": [7.23041, 8.82336, 5],
			"rotation": {"angle": 22.5, "axis": "z", "origin": [3.09385, 8.99482, 4]},
			"faces": {
				"north": {"uv": [0, 0, 0, 3], "texture": "#1"},
				"east": {"uv": [5, 9, 4, 6], "texture": "#1"},
				"south": {"uv": [0, 0, 0, 3], "texture": "#1"},
				"west": {"uv": [4, 9, 5, 6], "texture": "#1"},
				"up": {"uv": [0, 0, 0, 2], "texture": "#1"},
				"down": {"uv": [0, 0, 0, 2], "texture": "#1"}
			}
		},
		{
			"from": [1.15874, 3.16424, 4],
			"to": [1.15874, 6.16424, 5],
			"rotation": {"angle": -22.5, "axis": "z", "origin": [4.19385, 8.99482, 4]},
			"faces": {
				"north": {"uv": [0, 0, 0, 3], "texture": "#1"},
				"east": {"uv": [6, 9, 5, 6], "texture": "#1"},
				"south": {"uv": [0, 0, 0, 3], "texture": "#1"},
				"west": {"uv": [5, 9, 6, 6], "texture": "#1"},
				"up": {"uv": [0, 0, 0, 2], "texture": "#1"},
				"down": {"uv": [0, 0, 0, 2], "texture": "#1"}
			}
		},
		{
			"from": [0.13139, 2.26544, 4.001],
			"to": [1.12139, 5.26544, 4.991],
			"rotation": {"angle": 22.5, "axis": "z", "origin": [4.19385, 8.99482, 4]},
			"faces": {
				"north": {"uv": [12, 13, 12.99, 16], "texture": "#1"},
				"east": {"uv": [9, 13, 9.99, 16], "texture": "#1"},
				"south": {"uv": [9.99, 13, 9, 16], "texture": "#1"},
				"west": {"uv": [12, 13, 12.99, 16], "texture": "#1"},
				"up": {"uv": [9.99, 13.99, 9, 13], "texture": "#1"},
				"down": {"uv": [2, 8, 2.99, 8.99], "texture": "#1"}
			}
		},
		{
			"from": [5.15663, 3.94751, 4.001],
			"to": [6.14663, 10.94751, 4.991],
			"rotation": {"angle": -22.5, "axis": "z", "origin": [4.19385, 8.99482, 4]},
			"faces": {
				"north": {"uv": [8, 9, 8.99, 16], "texture": "#1"},
				"east": {"uv": [8, 9, 8.99, 16], "texture": "#1"},
				"south": {"uv": [8, 9, 8.99, 16], "texture": "#1"},
				"west": {"uv": [8, 8, 8.99, 15], "texture": "#1"},
				"up": {"uv": [8, 8.99, 8.99, 8], "texture": "#1"},
				"down": {"uv": [1, 2, 1.99, 2.99], "texture": "#1"}
			}
		},
		{
			"from": [3, 6, 4],
			"to": [3, 15, 7],
			"rotation": {"angle": 0, "axis": "y", "origin": [3.19385, 6.99482, 4]},
			"faces": {
				"north": {"uv": [0, 0, 0, 2], "texture": "#1"},
				"east": {"uv": [15, 7, 12, 16], "texture": "#1"},
				"south": {"uv": [0, 0, 0, 2], "texture": "#1"},
				"west": {"uv": [12, 7, 15, 16], "texture": "#1"},
				"up": {"uv": [0, 0, 0, 2], "texture": "#1"},
				"down": {"uv": [0, 0, 0, 2], "texture": "#1"}
			}
		},
		{
			"from": [1, 6, 5],
			"to": [6, 16, 5],
			"rotation": {"angle": 0, "axis": "y", "origin": [3.19385, 7.99482, 4]},
			"faces": {
				"north": {"uv": [10, 6, 15, 16], "texture": "#1"},
				"east": {"uv": [0, 0, 0, 2], "texture": "#1"},
				"south": {"uv": [15, 6, 10, 16], "texture": "#1"},
				"west": {"uv": [0, 0, 0, 2], "texture": "#1"},
				"up": {"uv": [0, 0, 2, 0], "texture": "#1"},
				"down": {"uv": [0, 0, 2, 0], "texture": "#1"}
			}
		},
		{
			"from": [6.13275, 3.76483, 4],
			"to": [6.13275, 11.76483, 5],
			"rotation": {"angle": -22.5, "axis": "z", "origin": [3.09385, 8.99482, 4]},
			"faces": {
				"north": {"uv": [0, 0, 0, 3], "texture": "#1"},
				"east": {"uv": [2, 1, 1, 9], "texture": "#1"},
				"south": {"uv": [0, 0, 0, 3], "texture": "#1"},
				"west": {"uv": [1, 5, 2, 13], "texture": "#1"},
				"up": {"uv": [0, 0, 0, 2], "texture": "#1"},
				"down": {"uv": [0, 0, 0, 2], "texture": "#1"}
			}
		},
		{
			"from": [0.03139, 2.06544, 4],
			"to": [0.03139, 9.06544, 5],
			"rotation": {"angle": 22.5, "axis": "z", "origin": [4.19385, 8.99482, 4]},
			"faces": {
				"north": {"uv": [0, 0, 0, 2], "texture": "#1"},
				"east": {"uv": [4, 7, 5, 14], "texture": "#1"},
				"south": {"uv": [0, 0, 0, 2], "texture": "#1"},
				"west": {"uv": [5, 7, 4, 14], "texture": "#1"},
				"up": {"uv": [0, 0, 0, 2], "texture": "#1"},
				"down": {"uv": [0, 0, 0, 2], "texture": "#1"}
			}
		},
		{
			"from": [3, 0, 4],
			"to": [4, 10, 5],
			"rotation": {"angle": 0, "axis": "y", "origin": [4.19385, 8.99482, 4]},
			"faces": {
				"north": {"uv": [1, 0, 2, 10], "texture": "#1"},
				"east": {"uv": [1, 10, 2, 0], "texture": "#1"},
				"south": {"uv": [1, 3, 2, 13], "texture": "#1"},
				"west": {"uv": [1, 2, 2, 12], "texture": "#1"},
				"up": {"uv": [1, 9, 2, 10], "texture": "#1"},
				"down": {"uv": [1, 14, 2, 15], "texture": "#1"}
			}
		},
		{
			"from": [10.19385, 12, 3.19385],
			"to": [13.19385, 18, 3.19385],
			"rotation": {"angle": 0, "axis": "y", "origin": [13.19385, 8.99482, 3]},
			"faces": {
				"north": {"uv": [9, 5, 12, 11], "texture": "#1"},
				"east": {"uv": [0, 0, 0, 3], "texture": "#1"},
				"south": {"uv": [12, 5, 9, 11], "texture": "#1"},
				"west": {"uv": [0, 0, 0, 3], "texture": "#1"},
				"up": {"uv": [0, 0, 0, 3], "rotation": 270, "texture": "#1"},
				"down": {"uv": [0, 0, 0, 3], "rotation": 90, "texture": "#1"}
			}
		},
		{
			"from": [13.09385, 5.82336, -0.13656],
			"to": [14.09385, 8.82336, -0.13656],
			"rotation": {"angle": 22.5, "axis": "x", "origin": [13.09385, 8.99482, 4]},
			"faces": {
				"north": {"uv": [5, 9, 4, 6], "texture": "#1"},
				"east": {"uv": [0, 0, 0, 3], "texture": "#1"},
				"south": {"uv": [4, 9, 5, 6], "texture": "#1"},
				"west": {"uv": [0, 0, 0, 3], "texture": "#1"},
				"up": {"uv": [0, 0, 0, 2], "rotation": 270, "texture": "#1"},
				"down": {"uv": [0, 0, 0, 2], "rotation": 90, "texture": "#1"}
			}
		},
		{
			"from": [13.19385, 3.16424, 6.03511],
			"to": [14.19385, 6.16424, 6.03511],
			"rotation": {"angle": -22.5, "axis": "x", "origin": [13.19385, 8.99482, 3]},
			"faces": {
				"north": {"uv": [6, 9, 5, 6], "texture": "#1"},
				"east": {"uv": [0, 0, 0, 3], "texture": "#1"},
				"south": {"uv": [5, 9, 6, 6], "texture": "#1"},
				"west": {"uv": [0, 0, 0, 3], "texture": "#1"},
				"up": {"uv": [0, 0, 0, 2], "rotation": 270, "texture": "#1"},
				"down": {"uv": [0, 0, 0, 2], "rotation": 90, "texture": "#1"}
			}
		},
		{
			"from": [13.19485, 2.26544, 6.07246],
			"to": [14.18485, 5.26544, 7.06246],
			"rotation": {"angle": 22.5, "axis": "x", "origin": [13.19385, 8.99482, 3]},
			"faces": {
				"north": {"uv": [9, 13, 9.99, 16], "texture": "#1"},
				"east": {"uv": [9.99, 13, 9, 16], "texture": "#1"},
				"south": {"uv": [12, 13, 12.99, 16], "texture": "#1"},
				"west": {"uv": [12, 13, 12.99, 16], "texture": "#1"},
				"up": {"uv": [9.99, 13.99, 9, 13], "rotation": 270, "texture": "#1"},
				"down": {"uv": [2, 8, 2.99, 8.99], "rotation": 90, "texture": "#1"}
			}
		},
		{
			"from": [13.19485, 3.94751, 1.04722],
			"to": [14.18485, 10.94751, 2.03722],
			"rotation": {"angle": -22.5, "axis": "x", "origin": [13.19385, 8.99482, 3]},
			"faces": {
				"north": {"uv": [8, 9, 8.99, 16], "texture": "#1"},
				"east": {"uv": [8, 9, 8.99, 16], "texture": "#1"},
				"south": {"uv": [8, 8, 8.99, 15], "texture": "#1"},
				"west": {"uv": [8, 9, 8.99, 16], "texture": "#1"},
				"up": {"uv": [8, 8.99, 8.99, 8], "rotation": 270, "texture": "#1"},
				"down": {"uv": [1, 2, 1.99, 2.99], "rotation": 90, "texture": "#1"}
			}
		},
		{
			"from": [13.19385, 6, 3.19385],
			"to": [16.19385, 15, 3.19385],
			"rotation": {"angle": 0, "axis": "y", "origin": [13.19385, 6.99482, 3]},
			"faces": {
				"north": {"uv": [15, 7, 12, 16], "texture": "#1"},
				"east": {"uv": [0, 0, 0, 2], "texture": "#1"},
				"south": {"uv": [12, 7, 15, 16], "texture": "#1"},
				"west": {"uv": [0, 0, 0, 2], "texture": "#1"},
				"up": {"uv": [0, 0, 0, 2], "rotation": 270, "texture": "#1"},
				"down": {"uv": [0, 0, 0, 2], "rotation": 90, "texture": "#1"}
			}
		},
		{
			"from": [14.19385, 6, 1.19385],
			"to": [14.19385, 16, 6.19385],
			"rotation": {"angle": 0, "axis": "y", "origin": [13.19385, 7.99482, 4]},
			"faces": {
				"north": {"uv": [0, 0, 0, 2], "texture": "#1"},
				"east": {"uv": [15, 6, 10, 16], "texture": "#1"},
				"south": {"uv": [0, 0, 0, 2], "texture": "#1"},
				"west": {"uv": [10, 6, 15, 16], "texture": "#1"},
				"up": {"uv": [0, 0, 2, 0], "rotation": 270, "texture": "#1"},
				"down": {"uv": [0, 0, 2, 0], "rotation": 90, "texture": "#1"}
			}
		},
		{
			"from": [13.09385, 3.76483, 0.9611],
			"to": [14.09385, 11.76483, 0.9611],
			"rotation": {"angle": -22.5, "axis": "x", "origin": [13.09385, 8.99482, 4]},
			"faces": {
				"north": {"uv": [2, 1, 1, 9], "texture": "#1"},
				"east": {"uv": [0, 0, 0, 3], "texture": "#1"},
				"south": {"uv": [1, 5, 2, 13], "texture": "#1"},
				"west": {"uv": [0, 0, 0, 3], "texture": "#1"},
				"up": {"uv": [0, 0, 0, 2], "rotation": 270, "texture": "#1"},
				"down": {"uv": [0, 0, 0, 2], "rotation": 90, "texture": "#1"}
			}
		},
		{
			"from": [13.19385, 2.06544, 7.16246],
			"to": [14.19385, 9.06544, 7.16246],
			"rotation": {"angle": 22.5, "axis": "x", "origin": [13.19385, 8.99482, 3]},
			"faces": {
				"north": {"uv": [4, 7, 5, 14], "texture": "#1"},
				"east": {"uv": [0, 0, 0, 2], "texture": "#1"},
				"south": {"uv": [5, 7, 4, 14], "texture": "#1"},
				"west": {"uv": [0, 0, 0, 2], "texture": "#1"},
				"up": {"uv": [0, 0, 0, 2], "rotation": 270, "texture": "#1"},
				"down": {"uv": [0, 0, 0, 2], "rotation": 90, "texture": "#1"}
			}
		},
		{
			"from": [13.19385, 0, 3.19385],
			"to": [14.19385, 10, 4.19385],
			"rotation": {"angle": 0, "axis": "y", "origin": [13.19385, 8.99482, 3]},
			"faces": {
				"north": {"uv": [1, 10, 2, 0], "texture": "#1"},
				"east": {"uv": [1, 3, 2, 13], "texture": "#1"},
				"south": {"uv": [1, 2, 2, 12], "texture": "#1"},
				"west": {"uv": [1, 0, 2, 10], "texture": "#1"},
				"up": {"uv": [1, 9, 2, 10], "rotation": 270, "texture": "#1"},
				"down": {"uv": [1, 14, 2, 15], "rotation": 90, "texture": "#1"}
			}
		},
		{
			"from": [2.19385, 12, 12.19385],
			"to": [5.19385, 18, 12.19385],
			"rotation": {"angle": 0, "axis": "y", "origin": [5.19385, 8.99482, 12]},
			"faces": {
				"north": {"uv": [9, 5, 12, 11], "texture": "#1"},
				"east": {"uv": [0, 0, 0, 3], "texture": "#1"},
				"south": {"uv": [12, 5, 9, 11], "texture": "#1"},
				"west": {"uv": [0, 0, 0, 3], "texture": "#1"},
				"up": {"uv": [0, 0, 0, 3], "rotation": 270, "texture": "#1"},
				"down": {"uv": [0, 0, 0, 3], "rotation": 90, "texture": "#1"}
			}
		},
		{
			"from": [5.09385, 5.82336, 8.86344],
			"to": [6.09385, 8.82336, 8.86344],
			"rotation": {"angle": 22.5, "axis": "x", "origin": [5.09385, 8.99482, 13]},
			"faces": {
				"north": {"uv": [5, 9, 4, 6], "texture": "#1"},
				"east": {"uv": [0, 0, 0, 3], "texture": "#1"},
				"south": {"uv": [4, 9, 5, 6], "texture": "#1"},
				"west": {"uv": [0, 0, 0, 3], "texture": "#1"},
				"up": {"uv": [0, 0, 0, 2], "rotation": 270, "texture": "#1"},
				"down": {"uv": [0, 0, 0, 2], "rotation": 90, "texture": "#1"}
			}
		},
		{
			"from": [5.19385, 3.16424, 15.03511],
			"to": [6.19385, 6.16424, 15.03511],
			"rotation": {"angle": -22.5, "axis": "x", "origin": [5.19385, 8.99482, 12]},
			"faces": {
				"north": {"uv": [6, 9, 5, 6], "texture": "#1"},
				"east": {"uv": [0, 0, 0, 3], "texture": "#1"},
				"south": {"uv": [5, 9, 6, 6], "texture": "#1"},
				"west": {"uv": [0, 0, 0, 3], "texture": "#1"},
				"up": {"uv": [0, 0, 0, 2], "rotation": 270, "texture": "#1"},
				"down": {"uv": [0, 0, 0, 2], "rotation": 90, "texture": "#1"}
			}
		},
		{
			"from": [5.19485, 2.26544, 15.07246],
			"to": [6.18485, 5.26544, 16.06246],
			"rotation": {"angle": 22.5, "axis": "x", "origin": [5.19385, 8.99482, 12]},
			"faces": {
				"north": {"uv": [9, 13, 9.99, 16], "texture": "#1"},
				"east": {"uv": [9.99, 13, 9, 16], "texture": "#1"},
				"south": {"uv": [12, 13, 12.99, 16], "texture": "#1"},
				"west": {"uv": [12, 13, 12.99, 16], "texture": "#1"},
				"up": {"uv": [9.99, 13.99, 9, 13], "rotation": 270, "texture": "#1"},
				"down": {"uv": [2, 8, 2.99, 8.99], "rotation": 90, "texture": "#1"}
			}
		},
		{
			"from": [5.19485, 3.94751, 10.04722],
			"to": [6.18485, 10.94751, 11.03722],
			"rotation": {"angle": -22.5, "axis": "x", "origin": [5.19385, 8.99482, 12]},
			"faces": {
				"north": {"uv": [8, 9, 8.99, 16], "texture": "#1"},
				"east": {"uv": [8, 9, 8.99, 16], "texture": "#1"},
				"south": {"uv": [8, 8, 8.99, 15], "texture": "#1"},
				"west": {"uv": [8, 9, 8.99, 16], "texture": "#1"},
				"up": {"uv": [8, 8.99, 8.99, 8], "rotation": 270, "texture": "#1"},
				"down": {"uv": [1, 2, 1.99, 2.99], "rotation": 90, "texture": "#1"}
			}
		},
		{
			"from": [5.19385, 6, 12.19385],
			"to": [8.19385, 15, 12.19385],
			"rotation": {"angle": 0, "axis": "y", "origin": [5.19385, 6.99482, 12]},
			"faces": {
				"north": {"uv": [15, 7, 12, 16], "texture": "#1"},
				"east": {"uv": [0, 0, 0, 2], "texture": "#1"},
				"south": {"uv": [12, 7, 15, 16], "texture": "#1"},
				"west": {"uv": [0, 0, 0, 2], "texture": "#1"},
				"up": {"uv": [0, 0, 0, 2], "rotation": 270, "texture": "#1"},
				"down": {"uv": [0, 0, 0, 2], "rotation": 90, "texture": "#1"}
			}
		},
		{
			"from": [6.19385, 6, 10.19385],
			"to": [6.19385, 16, 15.19385],
			"rotation": {"angle": 0, "axis": "y", "origin": [5.19385, 7.99482, 13]},
			"faces": {
				"north": {"uv": [0, 0, 0, 2], "texture": "#1"},
				"east": {"uv": [15, 6, 10, 16], "texture": "#1"},
				"south": {"uv": [0, 0, 0, 2], "texture": "#1"},
				"west": {"uv": [10, 6, 15, 16], "texture": "#1"},
				"up": {"uv": [0, 0, 2, 0], "rotation": 270, "texture": "#1"},
				"down": {"uv": [0, 0, 2, 0], "rotation": 90, "texture": "#1"}
			}
		},
		{
			"from": [5.09385, 3.76483, 9.9611],
			"to": [6.09385, 11.76483, 9.9611],
			"rotation": {"angle": -22.5, "axis": "x", "origin": [5.09385, 8.99482, 13]},
			"faces": {
				"north": {"uv": [2, 1, 1, 9], "texture": "#1"},
				"east": {"uv": [0, 0, 0, 3], "texture": "#1"},
				"south": {"uv": [1, 5, 2, 13], "texture": "#1"},
				"west": {"uv": [0, 0, 0, 3], "texture": "#1"},
				"up": {"uv": [0, 0, 0, 2], "rotation": 270, "texture": "#1"},
				"down": {"uv": [0, 0, 0, 2], "rotation": 90, "texture": "#1"}
			}
		},
		{
			"from": [5.19385, 2.06544, 16.16246],
			"to": [6.19385, 9.06544, 16.16246],
			"rotation": {"angle": 22.5, "axis": "x", "origin": [5.19385, 8.99482, 12]},
			"faces": {
				"north": {"uv": [4, 7, 5, 14], "texture": "#1"},
				"east": {"uv": [0, 0, 0, 2], "texture": "#1"},
				"south": {"uv": [5, 7, 4, 14], "texture": "#1"},
				"west": {"uv": [0, 0, 0, 2], "texture": "#1"},
				"up": {"uv": [0, 0, 0, 2], "rotation": 270, "texture": "#1"},
				"down": {"uv": [0, 0, 0, 2], "rotation": 90, "texture": "#1"}
			}
		},
		{
			"from": [5.19385, 0, 12.19385],
			"to": [6.19385, 10, 13.19385],
			"rotation": {"angle": 0, "axis": "y", "origin": [5.19385, 8.99482, 12]},
			"faces": {
				"north": {"uv": [1, 10, 2, 0], "texture": "#1"},
				"east": {"uv": [1, 3, 2, 13], "texture": "#1"},
				"south": {"uv": [1, 2, 2, 12], "texture": "#1"},
				"west": {"uv": [1, 0, 2, 10], "texture": "#1"},
				"up": {"uv": [1, 9, 2, 10], "rotation": 270, "texture": "#1"},
				"down": {"uv": [1, 14, 2, 15], "rotation": 90, "texture": "#1"}
			}
		}
	],
	"groups": [
		{
			"name": "group1",
			"origin": [-3, 0, 3],
			"color": 0,
			"children": [0, 1, 2, 3, 4, 5, 6, 7, 8, 9]
		},
		{
			"name": "group1",
			"origin": [-3, 0, 3],
			"color": 0,
			"children": [10, 11, 12, 13, 14, 15, 16, 17, 18, 19]
		},
		{
			"name": "group1",
			"origin": [-3, 0, 3],
			"color": 0,
			"children": [20, 21, 22, 23, 24, 25, 26, 27, 28, 29]
		},
		{
			"name": "group1",
			"origin": [-3, 0, 3],
			"color": 0,
			"children": [30, 31, 32, 33, 34, 35, 36, 37, 38, 39]
		}
	]
}